DIST_CODE,DIST_NAME,MEDIAN_CLASS_SIZE,STU:TCHR_RATIO,WEIGHTED_AVG_STU:TCHR+AIDE_RATIO,PREK_CURRICULA_MostSchool,PREK_Curricula_MostSchools_Count,PREK_CURRICULA_Available,Cnt_PreK_FullANDHalfDay,Cnt_PreK_FullDay_Only,Cnt_PreK_HalfDay_Only,Cnt_PreK_FullDayAvailable,Cnt_PreK_HalfDayAvailable,ADA_Eligible,ADA_Ineligible,PK_Total_Enrollment_21_22
001903,ELKHART ISD,23,22:1,15:1,CIRCLE-E,1,CIRCLE-E,0,1,0,1,0,44,19,63
001904,FRANKSTON ISD,23,23:1,23:1,Other,1,Other,0,1,0,1,0,36,5,41
001906,NECHES ISD,16,16:1,11:1,PreK On My Way-E,1,PreK On My Way-E,0,1,0,1,0,8,5,13
001907,PALESTINE ISD,18,18:1,18:1,CIRCLE-E,1,"CIRCLE-E,CIRCLE-S",0,1,0,1,0,181,46,227
001908,WESTWOOD ISD,14,16:1,10:1,Other,1,"Other,Ready to Advance-E",0,1,0,1,0,59,11,70
001909,SLOCUM ISD,15,15:1,15:1,Other,1,Other,1,0,0,1,1,14,12,26
002901,ANDREWS ISD,12,23:1,23:1,Frog Street-E,1,"Frog Street-E,Frog Street-S",0,0,1,0,1,87,"",87
003801,PINEYWOODS COMMUNITY ACADEMY,15,14:1,14:1,CIRCLE-E,1,CIRCLE-E,0,1,0,1,0,27,14,41
003902,HUDSON ISD,16,13:1,10:1,Creative Curriculum-E,1,Creative Curriculum-E,0,1,0,1,0,63,7,70
003903,LUFKIN ISD,20,17:1,12:1,CLI Blueprint,2,CLI Blueprint,0,2,0,2,0,384,7,391
003904,HUNTINGTON ISD,25,24:1,19:1,CIRCLE-E,1,CIRCLE-E,0,1,0,1,0,46,"",46
003905,DIBOLL ISD,16,18:1,12:1,Frog Street-E,1,Frog Street-E,1,0,0,1,1,114,32,146
003906,ZAVALLA ISD,17,17:1,17:1,CIRCLE-E,1,CIRCLE-E,0,1,0,1,0,*,*,19
003907,CENTRAL ISD,21,17:1,10:1,Frog Street-E,1,Frog Street-E,0,1,0,1,0,49,12,61
004901,ARANSAS COUNTY ISD,21,24:1,21:1,Ready to Advance-E,1,Ready to Advance-E,0,1,0,1,0,*,*,128
005901,ARCHER CITY ISD,12,8:1,8:1,Frog Street-E,1,Frog Street-E,1,0,0,1,1,20,19,39
005902,HOLLIDAY ISD,11,11:1,11:1,Frog Street-E,1,Frog Street-E,0,1,0,1,0,21,"",21
005904,WINDTHORST ISD,17,17:1,17:1,Frog Street-E,1,Frog Street-E,1,0,0,1,1,12,24,36
006902,CLAUDE ISD,16,16:1,16:1,Frog Street-E,1,Frog Street-E,1,0,0,1,1,*,*,14
007901,CHARLOTTE ISD,20,20:1,20:1,Frog Street-E,1,Frog Street-E,0,1,0,1,0,13,6,19
007902,JOURDANTON ISD,19,19:1,19:1,PreK On My Way-E,1,PreK On My Way-E,1,0,0,1,1,44,14,58
007904,LYTLE ISD,17,18:1,18:1,Frog Street-E,1,Frog Street-E,1,0,0,1,1,96,8,104
007905,PLEASANTON ISD,20,19:1,12:1,Frog Street-E,1,"Frog Street-E,Frog Street-S",1,0,0,1,1,*,*,178
007906,POTEET ISD,20,20:1,14:1,Creative Curriculum-E,1,Creative Curriculum-E,0,1,0,1,0,89,8,97
008901,BELLVILLE ISD,13,10:1,10:1,Ready to Advance-E,1,"Ready to Advance-E,Savvas-E",0,1,0,1,0,35,"",35
008902,SEALY ISD,18,18:1,16:1,Other,2,Other,0,2,0,2,0,86,12,98
008903,BRAZOS ISD,20,20:1,20:1,Frog Street-E,1,Frog Street-E,0,1,0,1,0,*,*,17
009901,MULESHOE ISD,21,21:1,14:1,CIRCLE-E,1,CIRCLE-E,0,1,0,1,0,73,6,79
010901,MEDINA ISD,20,17:1,9:1,Frog Street-E,1,Frog Street-E,0,1,0,1,0,24,9,33
010902,BANDERA ISD,19,19:1,19:1,CIRCLE-E,2,"CIRCLE-E,Creative Curriculum-E",0,2,0,2,0,64,6,70
011901,BASTROP ISD,23,18:1,14:1,Ready to Advance-E,6,"Ready to Advance-E,Ready to Advance-S",0,6,0,6,0,429,25,454
011902,ELGIN ISD,23,21:1,15:1,Other,1,Other,0,1,0,1,0,228,9,237
011904,SMITHVILLE ISD,21,21:1,14:1,Creative Curriculum-E,1,Creative Curriculum-E,0,1,0,1,0,47,9,56
011905,MCDADE ISD,15,8:1,6:1,CIRCLE-E,1,CIRCLE-E,0,0,1,0,1,13,"",13
012901,SEYMOUR ISD,15,15:1,15:1,Frog Street-E,1,Frog Street-E,0,1,0,1,0,28,"",28
013901,BEEVILLE ISD,17,17:1,17:1,Frog Street-E,1,Frog Street-E,0,1,0,1,0,88,5,93
013902,PAWNEE ISD,18,43:1,14:1,Creative Curriculum-E,1,Creative Curriculum-E,0,1,0,1,0,*,*,335
013903,PETTUS ISD,28,28:1,28:1,Frog Street-E,1,Frog Street-E,1,0,0,1,1,18,9,27
013905,SKIDMORE-TYNAN ISD,18,18:1,12:1,PreK On My Way-E,1,PreK On My Way-E,0,1,0,1,0,17,"",17
014803,PRIORITY CHARTER SCHOOLS,19,16:1,16:1,Creative Curriculum-E,4,Creative Curriculum-E,0,4,0,4,0,65,21,86
014901,ACADEMY ISD,18,35:1,35:1,Other,1,Other,0,0,1,0,1,36,"",36
014902,BARTLETT ISD,19,10:1,10:1,CIRCLE-E,1,CIRCLE-E,0,1,0,1,0,19,"",19
014903,BELTON ISD,19,18:1,12:1,PreK On My Way-E,1,PreK On My Way-E,0,1,0,1,0,329,45,374
014905,HOLLAND ISD,17,17:1,17:1,Other,1,Other,0,1,0,1,0,14,16,30
014906,KILLEEN ISD,25,21:1,16:1,Savvas-E,31,"Savvas-E,Creative Curriculum-E",0,31,0,31,0,2699,"",2699
014907,ROGERS ISD,16,16:1,16:1,CIRCLE-E,1,CIRCLE-E,0,1,0,1,0,25,6,31
014908,SALADO ISD,23,23:1,23:1,HighScope,1,HighScope,1,0,0,1,1,52,17,69
014909,TEMPLE ISD,20,20:1,20:1,Frog Street-E,1,"Frog Street-E,Frog Street-S",0,1,0,1,0,357,"",357
014910,TROY ISD,15,15:1,15:1,PreK On My Way-E,1,PreK On My Way-E,0,1,0,1,0,49,11,60
015802,GEORGE GERVIN ACADEMY,14,17:1,17:1,Frog Street-E,1,"Frog Street-E,PreK On My Way-E,PreK On My Way-S",0,0,2,0,2,188,"",188
015806,LEGACY TRADITIONAL SCHOOLS - TEXAS,15,17:1,17:1,Frog Street-E,2,Frog Street-E,0,2,0,2,0,27,"",27
015807,SOUTHWEST PREPARATORY SCHOOL,16,12:1,12:1,CIRCLE-E,4,CIRCLE-E,0,4,0,4,0,38,24,62
015809,BEXAR COUNTY ACADEMY,19,18:1,18:1,Frog Street-E,1,Frog Street-E,0,1,0,1,0,54,"",54
015815,HERITAGE ACADEMY,15,17:1,17:1,Frog Street-E,1,Frog Street-E,0,1,0,1,0,14,"",14
015822,JUBILEE ACADEMIES,20,18:1,18:1,Savvas-E,12,Savvas-E,0,12,0,12,0,*,*,353
015825,LIGHTHOUSE PUBLIC SCHOOLS,17,21:1,21:1,CIRCLE-E,1,CIRCLE-E,0,1,0,1,0,*,*,64
015827,SCHOOL OF SCIENCE AND TECHNOLOGY,21,16:1,12:1,Savvas-E,6,Savvas-E,0,6,0,6,0,301,"",301
015828,HARMONY PUBLIC SCHOOLS - SOUTH TEXA,24,10:1,10:1,Savvas-E,3,Savvas-E,0,3,0,3,0,95,"",95
015830,BROOKS ACADEMIES OF TEXAS,18,15:1,15:1,Creative Curriculum-E,3,Creative Curriculum-E,1,2,0,3,1,*,*,77
015831,SCHOOL OF SCIENCE AND TECHNOLOGY DI,23,18:1,16:1,Savvas-E,6,Savvas-E,0,6,0,6,0,339,"",339
015843,PRELUDE PREPARATORY CHARTER SCHOOL,11,11:1,11:1,Creative Curriculum-E,1,Creative Curriculum-E,1,0,0,1,1,*,*,9
015901,ALAMO HEIGHTS ISD,14,14:1,14:1,Creative Curriculum-E,1,Creative Curriculum-E,0,1,0,1,0,52,18,70
015904,HARLANDALE ISD,9,10:1,10:1,Creative Curriculum-E,7,Creative Curriculum-E,4,9,0,13,4,692,15,707
015905,EDGEWOOD ISD,13,13:1,13:1,PreK On My Way-E,6,PreK On My Way-E,0,8,0,8,0,695,15,710
015906,RANDOLPH FIELD ISD,13,25:1,25:1,Other,1,Other,0,0,1,0,1,18,"",18
015907,SAN ANTONIO ISD,18,14:1,14:1,Frog Street-E,53,"Frog Street-E,Frog Street-S,HighScope,Other",3,58,0,61,3,3593,289,3882
015908,SOUTH SAN ANTONIO ISD,22,18:1,18:1,Frog Street-E,9,"Frog Street-E,Frog Street-S",0,10,0,10,0,467,16,483
015909,SOMERSET ISD,16,16:1,16:1,CIRCLE-E,2,CIRCLE-E,0,2,0,2,0,200,18,218
015910,NORTH EAST ISD,14,16:1,11:1,Savvas-E,37,"Savvas-E,Savvas-S",0,38,0,38,0,1609,165,1774
015911,EAST CENTRAL ISD,24,19:1,13:1,HighScope,7,HighScope,0,8,0,8,0,369,132,501
015912,SOUTHWEST ISD,19,18:1,18:1,Creative Curriculum-E,11,Creative Curriculum-E,0,11,0,11,0,453,96,549
015913,LACKLAND ISD,16,16:1,16:1,Frog Street-E,1,Frog Street-E,0,1,0,1,0,59,"",59
015914,FT SAM HOUSTON ISD,20,17:1,10:1,Frog Street-E,1,Frog Street-E,0,1,0,1,0,81,"",81
015915,NORTHSIDE ISD,21,20:1,14:1,Savvas-E,63,"Savvas-E,Savvas-S",18,1,61,19,79,2922,297,3219
015916,JUDSON ISD,25,19:1,19:1,Frog Street-E,20,Frog Street-E,0,20,0,20,0,1777,443,2220
015917,SOUTHSIDE ISD,22,18:1,18:1,CIRCLE-E,1,CIRCLE-E,1,0,0,1,1,334,39,373
016901,JOHNSON CITY ISD,22,22:1,22:1,Frog Street-E,1,Frog Street-E,0,1,0,1,0,11,9,20
016902,BLANCO ISD,16,16:1,16:1,PreK On My Way-E,1,PreK On My Way-E,0,1,0,1,0,*,*,26
017901,BORDEN COUNTY ISD,11,11:1,11:1,CIRCLE-E,1,CIRCLE-E,0,1,0,1,0,*,*,10
018901,CLIFTON ISD,19,19:1,19:1,Frog Street-E,1,Frog Street-E,0,1,0,1,0,*,*,32
018902,MERIDIAN ISD,18,18:1,18:1,CIRCLE-E,1,CIRCLE-E,0,1,0,1,0,*,*,16
018903,MORGAN ISD,3,3:1,3:1,CIRCLE-E,1,CIRCLE-E,0,1,0,1,0,*,"",*
018904,VALLEY MILLS ISD,21,21:1,21:1,CIRCLE-E,1,CIRCLE-E,0,1,0,1,0,*,*,20
018905,WALNUT SPRINGS ISD,24,24:1,24:1,Frog Street-E,1,Frog Street-E,0,1,0,1,0,24,"",24
018906,IREDELL ISD,11,11:1,11:1,Frog Street-E,1,Frog Street-E,0,1,0,1,0,*,*,7
018907,KOPPERL ISD,9,9:1,9:1,CIRCLE-E,1,CIRCLE-E,0,1,0,1,0,*,*,8
018908,CRANFILLS GAP ISD,5,5:1,5:1,Frog Street-E,1,Frog Street-E,0,1,0,1,0,5,"",5
019901,DEKALB ISD,16,21:1,12:1,Frog Street-E,1,Frog Street-E,1,0,0,1,1,42,19,61
019902,HOOKS ISD,15,15:1,10:1,CIRCLE-E,1,CIRCLE-E,0,1,0,1,0,*,*,26
019903,MAUD ISD,10,10:1,10:1,CIRCLE-E,1,CIRCLE-E,0,1,0,1,0,13,5,18
019905,NEW BOSTON ISD,17,17:1,10:1,PreK On My Way-E,1,PreK On My Way-E,0,1,0,1,0,75,19,94
019906,REDWATER ISD,12,12:1,9:1,CIRCLE-E,1,CIRCLE-E,1,0,0,1,1,*,*,35
019907,TEXARKANA ISD,20,16:1,16:1,Frog Street-E,5,"Frog Street-E,Frog Street-S",1,4,0,5,1,*,*,495
019908,LIBERTY-EYLAU ISD,17,17:1,17:1,Savvas-E,1,Savvas-E,0,1,0,1,0,177,11,188
019909,SIMMS ISD,25,25:1,17:1,Frog Street-E,1,Frog Street-E,1,0,0,1,1,11,10,21
019910,MALTA ISD,12,12:1,12:1,CIRCLE-E,1,CIRCLE-E,1,0,0,1,1,8,12,20
019912,PLEASANT GROVE ISD,11,9:1,9:1,Ready to Advance-E,1,Ready to Advance-E,0,1,0,1,0,*,*,31
019913,HUBBARD ISD,,,,,,,1,0,0,1,1,*,*,8
019914,LEARY ISD,13,13:1,13:1,Frog Street-E,1,Frog Street-E,0,1,0,1,0,30,"",30
020901,ALVIN ISD,15,16:1,16:1,Frog Street-E,18,"Frog Street-E,Frog Street-S",2,12,4,14,6,*,*,666
020902,ANGLETON ISD,18,18:1,12:1,Creative Curriculum-E,6,Creative Curriculum-E,0,6,0,6,0,240,13,253
020904,DANBURY ISD,17,17:1,17:1,Savvas-E,1,Savvas-E,0,1,0,1,0,*,*,19
020905,BRAZOSPORT ISD,22,16:1,16:1,Frog Street-E,6,"Frog Street-E,Frog Street-S",0,6,0,6,0,399,31,430
020906,SWEENY ISD,15,12:1,12:1,Creative Curriculum-E,1,Creative Curriculum-E,0,1,0,1,0,*,*,37
020907,COLUMBIA-BRAZORIA ISD,22,22:1,22:1,Frog Street-E,1,Frog Street-E,0,1,0,1,0,75,5,80
020908,PEARLAND ISD,18,18:1,15:1,Frog Street-E,11,"Frog Street-E,Frog Street-S",1,10,0,11,1,379,43,422
020910,DAMON ISD,14,14:1,14:1,Other,1,Other,0,1,0,1,0,14,"",14
021803,BRAZOS SCHOOL FOR INQUIRY & CREATIV,19,21:1,21:1,CIRCLE-E,2,CIRCLE-E,0,2,0,2,0,67,"",67
021901,COLLEGE STATION ISD,19,19:1,13:1,Savvas-E,10,Savvas-E,0,10,0,10,0,450,"",450
021902,BRYAN ISD,22,17:1,11:1,Frog Street-E,14,"Frog Street-E,Frog Street-S",0,14,0,14,0,724,49,773
022004,TERLINGUA CSD,5,5:1,5:1,Other,1,Other,0,1,0,1,0,*,"",*
022901,ALPINE ISD,14,16:1,16:1,CIRCLE-E,1,CIRCLE-E,0,1,0,1,0,50,31,81
022902,MARATHON ISD,4,4:1,4:1,CIRCLE-E,1,CIRCLE-E,0,1,0,1,0,*,*,*
023902,SILVERTON ISD,10,10:1,10:1,CIRCLE-E,1,CIRCLE-E,0,1,0,1,0,*,*,9
024901,BROOKS COUNTY ISD,20,15:1,15:1,CIRCLE-E,1,CIRCLE-E,0,1,0,1,0,*,*,87
025901,BANGS ISD,20,20:1,13:1,Other,1,Other,1,0,0,1,1,*,*,34
025902,BROWNWOOD ISD,19,20:1,20:1,Frog Street-E,3,Frog Street-E,2,1,0,3,2,202,5,207
025904,BLANKET ISD,10,6:1,6:1,CIRCLE-E,1,CIRCLE-E,1,0,0,1,1,*,*,7
025905,MAY ISD,10,10:1,10:1,CIRCLE-E,1,CIRCLE-E,0,0,1,0,1,*,*,8
025906,ZEPHYR ISD,15,15:1,15:1,Quaver,1,Quaver,0,1,0,1,0,10,6,16
025908,BROOKESMITH ISD,6,6:1,6:1,Other,1,Other,0,1,0,1,0,*,*,7
025909,EARLY ISD,18,18:1,18:1,Other,1,Other,0,1,0,1,0,17,"",17
026901,CALDWELL ISD,19,18:1,12:1,Ready to Advance-E,1,"Ready to Advance-E,Ready to Advance-S",0,1,0,1,0,72,11,83
026902,SOMERVILLE ISD,14,9:1,9:1,PreK On My Way-E,1,PreK On My Way-E,0,1,0,1,0,*,*,26
026903,SNOOK ISD,17,16:1,16:1,Other,1,Other,0,1,0,1,0,*,*,29
027903,BURNET CISD,17,15:1,13:1,Ready to Advance-E,2,"Ready to Advance-E,Ready to Advance-S",0,2,0,2,0,99,"",99
027904,MARBLE FALLS ISD,18,18:1,12:1,PreK On My Way-E,4,PreK On My Way-E,0,4,0,4,0,159,19,178
028902,LOCKHART ISD,23,20:1,14:1,Frog Street-E,1,"Frog Street-E,Frog Street-S",0,1,0,1,0,*,*,220
028903,LULING ISD,17,16:1,16:1,Other,1,Other,0,0,1,0,1,52,12,64
028906,PRAIRIE LEA ISD,15,15:1,15:1,Frog Street-E,1,Frog Street-E,0,1,0,1,0,*,*,14
029901,CALHOUN COUNTY ISD,13,13:1,11:1,PreK On My Way-E,4,"PreK On My Way-E,PreK On My Way-S",0,4,0,4,0,115,27,142
030901,CROSS PLAINS ISD,12,12:1,12:1,CIRCLE-E,1,CIRCLE-E,0,1,0,1,0,16,7,23
030902,CLYDE CISD,21,20:1,20:1,PreK On My Way-E,1,PreK On My Way-E,0,1,0,1,0,49,6,55
030903,BAIRD ISD,13,13:1,13:1,Frog Street-E,1,Frog Street-E,0,1,0,1,0,*,*,12
030906,EULA ISD,12,12:1,12:1,CIRCLE-E,1,CIRCLE-E,1,0,0,1,1,11,12,23
031901,BROWNSVILLE ISD,19,16:1,11:1,Savvas-S,31,"Savvas-S,Savvas-E",12,22,0,34,12,2356,143,2499
031903,HARLINGEN CISD,18,16:1,12:1,PreK On My Way-E,17,PreK On My Way-E,5,12,0,17,5,850,124,974
031905,LA FERIA ISD,13,16:1,16:1,CIRCLE-E,3,"CIRCLE-E,CIRCLE-S",0,3,0,3,0,168,13,181
031906,LOS FRESNOS CISD,20,11:1,13:1,Savvas-E,9,Savvas-E,0,0,9,0,9,405,78,483
031909,POINT ISABEL ISD,21,18:1,11:1,Savvas-E,2,Savvas-E,1,1,0,2,1,95,13,108
031911,RIO HONDO ISD,19,16:1,16:1,Other,1,Other,1,0,0,1,1,*,*,51
031912,SAN BENITO CISD,18,19:1,19:1,Savvas-E,11,"Savvas-E,Frog Street-E",10,1,0,11,10,426,48,474
031913,SANTA MARIA ISD,10,10:1,10:1,Creative Curriculum-E,1,"Creative Curriculum-E,Creative Curriculum-S",1,0,0,1,1,43,"",43
031914,SANTA ROSA ISD,12,9:1,9:1,Frog Street-E,1,Frog Street-E,1,0,0,1,1,*,*,23
032902,PITTSBURG ISD,17,15:1,15:1,Frog Street-E,1,Frog Street-E,0,1,0,1,0,74,"",74
033901,GROOM ISD,,,,,,,0,0,1,0,1,*,*,*
033902,PANHANDLE ISD,9,12:1,12:1,Frog Street-E,1,Frog Street-E,1,0,0,1,1,15,17,32
033904,WHITE DEER ISD,15,15:1,15:1,Creative Curriculum-E,1,Creative Curriculum-E,0,1,0,1,0,8,6,14
034901,ATLANTA ISD,22,35:1,29:1,Ready to Advance-E,1,Ready to Advance-E,1,0,0,1,1,120,11,131
034902,AVINGER ISD,6,6:1,6:1,CIRCLE-E,1,CIRCLE-E,1,0,0,1,1,*,*,5
034903,HUGHES SPRINGS ISD,16,16:1,13:1,Frog Street-E,1,Frog Street-E,0,0,1,0,1,57,"",57
034905,LINDEN-KILDARE CISD,15,15:1,15:1,CIRCLE-E,1,CIRCLE-E,1,0,0,1,1,39,14,53
034906,MCLEOD ISD,12,12:1,12:1,CIRCLE-E,1,CIRCLE-E,0,0,1,0,1,12,"",12
034907,QUEEN CITY ISD,20,20:1,11:1,CIRCLE-E,1,CIRCLE-E,1,0,0,1,1,56,5,61
034909,BLOOMBURG ISD,20,20:1,20:1,Frog Street-E,1,Frog Street-E,0,1,0,1,0,20,"",20
035901,DIMMITT ISD,16,14:1,14:1,Frog Street-E,1,Frog Street-E,0,1,0,1,0,42,35,77
035902,HART ISD,22,22:1,22:1,Frog Street-E,1,Frog Street-E,0,1,0,1,0,*,*,20
035903,NAZARETH ISD,15,15:1,15:1,Other,1,Other,0,1,0,1,0,*,*,10
036901,ANAHUAC ISD,15,15:1,15:1,Other,1,Other,0,1,0,1,0,37,9,46
036902,BARBERS HILL ISD,16,16:1,10:1,Ready to Advance-E,1,"Ready to Advance-E,Ready to Advance-S",0,1,0,1,0,88,71,159
036903,EAST CHAMBERS ISD,19,19:1,19:1,Frog Street-E,1,Frog Street-E,1,0,0,1,1,81,11,92
037901,ALTO ISD,17,32:1,13:1,Savvas-E,1,Savvas-E,0,1,0,1,0,21,10,31
037904,JACKSONVILLE ISD,21,17:1,12:1,Ready to Advance-E,4,"Ready to Advance-E,Ready to Advance-S",3,1,0,4,3,271,7,278
037907,RUSK ISD,7,12:1,9:1,CIRCLE-E,1,CIRCLE-E,1,0,0,1,1,*,*,90
037908,NEW SUMMERFIELD ISD,18,18:1,18:1,CIRCLE-E,1,CIRCLE-E,0,1,0,1,0,*,*,31
037909,WELLS ISD,24,24:1,24:1,PreK On My Way-E,1,PreK On My Way-E,0,1,0,1,0,15,5,20
038901,CHILDRESS ISD,19,19:1,19:1,Frog Street-E,1,Frog Street-E,0,1,0,1,0,36,"",36
039902,HENRIETTA ISD,15,15:1,15:1,Frog Street-E,1,"Frog Street-E,Other",1,0,0,1,1,37,8,45
039903,PETROLIA CISD,11,11:1,11:1,Frog Street-E,1,"Frog Street-E,Other",1,0,0,1,1,*,*,22
039904,BELLEVUE ISD,13,13:1,13:1,Other,1,Other,1,0,0,1,1,*,*,8
039905,MIDWAY ISD,7,7:1,7:1,Other,1,Other,1,0,0,1,1,*,*,7
040901,MORTON ISD,21,21:1,21:1,Other,1,Other,0,1,0,1,0,*,*,37
040902,WHITEFACE CISD,18,18:1,18:1,Other,1,Other,0,1,0,1,0,6,9,15
041901,BRONTE ISD,8,8:1,8:1,CIRCLE-E,1,CIRCLE-E,0,1,0,1,0,7,6,13
041902,ROBERT LEE ISD,11,11:1,11:1,Other,1,Other,0,1,0,1,0,*,*,11
042901,COLEMAN ISD,21,16:1,16:1,CIRCLE-E,1,CIRCLE-E,0,1,0,1,0,51,10,61
042903,SANTA ANNA ISD,10,10:1,10:1,CIRCLE-E,1,CIRCLE-E,0,1,0,1,0,8,"",8
042905,PANTHER CREEK CISD,13,13:1,13:1,Creative Curriculum-E,1,Creative Curriculum-E,0,1,0,1,0,*,*,11
043901,ALLEN ISD,12,23:1,23:1,Savvas-E,2,Savvas-E,1,0,1,1,2,169,"",169
043902,ANNA ISD,16,12:1,12:1,CIRCLE-E,3,CIRCLE-E,2,1,0,3,2,133,5,138
043903,CELINA ISD,18,15:1,15:1,CIRCLE-E,1,CIRCLE-E,0,1,0,1,0,*,*,53
043904,FARMERSVILLE ISD,20,19:1,15:1,CIRCLE-E,1,CIRCLE-E,1,0,0,1,1,74,"",74
043905,FRISCO ISD,21,17:1,15:1,PreK On My Way-E,9,"PreK On My Way-E,PreK On My Way-S",0,11,0,11,0,903,30,933
043907,MCKINNEY ISD,21,21:1,21:1,Savvas-E,1,Savvas-E,0,1,0,1,0,380,"",380
043908,MELISSA ISD,18,13:1,13:1,Frog Street-E,1,Frog Street-E,0,1,0,1,0,74,39,113
043910,PLANO ISD,20,15:1,15:1,Savvas-E,19,"Savvas-E,Savvas-S",3,16,0,19,3,1189,18,1207
043911,PRINCETON ISD,24,24:1,24:1,Quaver,1,Quaver,0,1,0,1,0,230,28,258
043912,PROSPER ISD,22,21:1,21:1,Ready to Advance-E,3,"Ready to Advance-E,Ready to Advance-S",0,4,0,4,0,215,49,264
043914,WYLIE ISD,21,29:1,19:1,Ready to Advance-E,2,Ready to Advance-E,0,1,1,1,1,200,"",200
043917,BLUE RIDGE ISD,20,20:1,16:1,Frog Street-E,1,Frog Street-E,0,0,1,0,1,27,10,37
043918,COMMUNITY ISD,25,25:1,16:1,Savvas-E,2,Savvas-E,1,1,0,2,1,116,12,128
044902,WELLINGTON ISD,15,15:1,15:1,CIRCLE-E,1,CIRCLE-E,1,0,0,1,1,*,*,25
045902,COLUMBUS ISD,17,15:1,15:1,CIRCLE-E,1,CIRCLE-E,0,1,0,1,0,61,21,82
045903,RICE CISD,21,19:1,12:1,Frog Street-E,1,Frog Street-E,0,1,0,1,0,*,*,53
045905,WEIMAR ISD,18,14:1,9:1,Frog Street-E,1,"Frog Street-E,Other",0,1,0,1,0,35,16,51
046901,NEW BRAUNFELS ISD,23,22:1,16:1,PreK On My Way-E,1,PreK On My Way-E,1,0,0,1,1,*,*,243
046902,COMAL ISD,17,23:1,23:1,CIRCLE-E,9,CIRCLE-E,0,4,5,4,5,250,37,287
047901,COMANCHE ISD,13,15:1,8:1,Savvas-E,2,Savvas-E,0,2,0,2,0,75,8,83
047902,DE LEON ISD,22,22:1,22:1,CIRCLE-E,1,CIRCLE-E,0,1,0,1,0,33,"",33
047903,GUSTINE ISD,13,13:1,13:1,Savvas-E,1,Savvas-E,1,0,0,1,1,*,*,11
048903,PAINT ROCK ISD,13,13:1,13:1,CIRCLE-E,1,CIRCLE-E,0,1,0,1,0,8,5,13
049901,GAINESVILLE ISD,16,16:1,16:1,Savvas-E,1,"Savvas-E,Savvas-S",1,0,0,1,1,160,6,166
049902,MUENSTER ISD,18,17:1,17:1,CIRCLE-E,1,CIRCLE-E,0,1,0,1,0,14,16,30
049903,VALLEY VIEW ISD,15,13:1,13:1,Other,1,Other,0,0,1,0,1,43,17,60
049905,CALLISBURG ISD,14,14:1,14:1,CIRCLE-E,1,CIRCLE-E,0,1,0,1,0,21,9,30
049908,WALNUT BEND ISD,8,8:1,8:1,Frog Street-E,1,Frog Street-E,1,0,0,1,1,*,*,7
049909,SIVELLS BEND ISD,6,6:1,4:1,CIRCLE-E,1,CIRCLE-E,0,1,0,1,0,*,*,7
050901,EVANT ISD,12,12:1,12:1,CIRCLE-E,1,CIRCLE-E,0,1,0,1,0,*,*,9
050902,GATESVILLE ISD,24,20:1,20:1,CIRCLE-E,1,CIRCLE-E,0,1,0,1,0,67,8,75
050904,OGLESBY ISD,17,17:1,17:1,CIRCLE-E,1,CIRCLE-E,0,1,0,1,0,*,*,17
050909,JONESBORO ISD,17,17:1,17:1,Frog Street-E,1,Frog Street-E,0,1,0,1,0,*,*,14
050910,COPPERAS COVE ISD,19,15:1,10:1,CIRCLE-E,1,CIRCLE-E,0,1,0,1,0,303,"",303
051901,PADUCAH ISD,7,7:1,7:1,Frog Street-E,1,Frog Street-E,0,1,0,1,0,*,*,7
052901,CRANE ISD,25,25:1,25:1,CIRCLE-E,1,CIRCLE-E,0,1,0,1,0,50,21,71
053001,CROCKETT COUNTY CONSOLIDATED CSD,12,12:1,12:1,PreK On My Way-E,1,PreK On My Way-E,0,1,0,1,0,14,11,25
054901,CROSBYTON CISD,20,20:1,20:1,CIRCLE-E,1,CIRCLE-E,0,1,0,1,0,17,"",17
054902,LORENZO ISD,14,14:1,9:1,Frog Street-E,1,Frog Street-E,0,1,0,1,0,*,*,14
054903,RALLS ISD,17,17:1,11:1,Connect4Learning,1,"Connect4Learning,Other",0,1,0,1,0,28,5,33
055901,CULBERSON COUNTY-ALLAMOORE ISD,29,29:1,29:1,Frog Street-E,1,Frog Street-E,0,1,0,1,0,*,*,26
056901,DALHART ISD,22,22:1,22:1,CIRCLE-E,1,CIRCLE-E,0,1,0,1,0,97,"",97
056902,TEXLINE ISD,12,12:1,12:1,Creative Curriculum-E,1,Creative Curriculum-E,0,1,0,1,0,*,*,8
057803,UPLIFT EDUCATION,21,18:1,16:1,Other,12,"Other,PreK On My Way-E",0,12,5,12,5,967,"",967
057805,LUMIN EDUCATION,8,8:1,8:1,Other,1,Other,1,0,0,1,1,74,19,93
057806,ADVANTAGE ACADEMY,7,34:1,34:1,Creative Curriculum-E,1,Creative Curriculum-E,1,0,0,1,1,78,5,83
057808,UNIVERSAL ACADEMY,21,20:1,20:1,Savvas-E,2,Savvas-E,0,2,0,2,0,193,"",193
057809,NOVA ACADEMY,20,22:1,22:1,Ready to Advance-E,1,Ready to Advance-E,0,1,0,1,0,40,"",40
057810,ACADEMY OF DALLAS,13,12:1,12:1,Frog Street-E,1,Frog Street-E,0,1,0,1,0,59,"",59
057813,TRINITY BASIN PREPARATORY,19,16:1,12:1,Frog Street-E,3,Frog Street-E,3,0,0,3,3,539,15,554
057816,A W BROWN LEADERSHIP ACADEMY,20,19:1,19:1,CIRCLE-E,2,CIRCLE-E,0,2,0,2,0,236,"",236
057819,JEAN MASSIEU ACADEMY,17,17:1,17:1,Other,1,Other,0,1,0,1,0,*,*,17
057827,NOVA ACADEMY SOUTHEAST,14,15:1,15:1,Ready to Advance-E,2,Ready to Advance-E,0,2,0,2,0,76,"",76
057829,A+ ACADEMY,21,29:1,18:1,CIRCLE-E,1,CIRCLE-E,0,0,1,0,1,*,*,141
057830,INSPIRED VISION ACADEMY,24,25:1,25:1,Other,1,Other,0,0,1,0,1,72,"",72
057831,GATEWAY CHARTER ACADEMY,27,25:1,25:1,CLI Blueprint,1,CLI Blueprint,1,0,0,1,1,137,"",137
057833,EDUCATION CENTER INTERNATIONAL ACAD,18,17:1,17:1,Savvas-E,3,Savvas-E,2,1,0,3,2,48,27,75
057835,GOLDEN RULE CHARTER SCHOOL,12,15:1,15:1,Savvas-E,6,Savvas-E,1,4,1,5,2,238,"",238
057839,LA ACADEMIA DE ESTRELLAS,42,48:1,48:1,Other,1,Other,1,0,0,1,1,157,"",157
057841,CITYSCAPE SCHOOLS,22,25:1,16:1,Creative Curriculum-E,2,Creative Curriculum-E,0,2,0,2,0,145,"",145
057844,MANARA ACADEMY,18,18:1,18:1,Creative Curriculum-E,2,Creative Curriculum-E,0,2,0,2,0,*,*,37
057847,VILLAGE TECH SCHOOLS,19,18:1,18:1,Savvas-E,1,Savvas-E,1,0,0,1,1,54,8,62
057851,BRIDGEWAY PREPARATORY ACADEMY,18,36:1,36:1,CIRCLE-E,1,CIRCLE-E,0,1,0,1,0,36,"",36
057903,CARROLLTON-FARMERS BRANCH ISD,25,20:1,20:1,Savvas-E,16,Savvas-E,0,16,0,16,0,1060,90,1150
057904,CEDAR HILL ISD,23,20:1,14:1,Frog Street-E,7,"Frog Street-E,CIRCLE-E,Frog Street-S",0,7,0,7,0,228,37,265
057905,DALLAS ISD,17,17:1,17:1,PreK On My Way-E,147,PreK On My Way-E,58,90,0,148,58,9731,518,10249
057906,DESOTO ISD,30,16:1,16:1,Other,2,Other,1,1,0,2,1,*,*,406
057907,DUNCANVILLE ISD,22,20:1,13:1,Savvas-E,9,"Savvas-E,Savvas-S,Frog Street-E,Frog Street-S",0,9,0,9,0,457,29,486
057909,GARLAND ISD,22,17:1,12:1,Frog Street-E,30,"Frog Street-E,Frog Street-S",0,31,0,31,0,1659,433,2092
057910,GRAND PRAIRIE ISD,20,19:1,18:1,Savvas-E,14,"Savvas-E,Savvas-S",10,4,0,14,10,1242,92,1334
057911,HIGHLAND PARK ISD,13,13:1,13:1,Savvas-E,3,Savvas-E,0,4,0,4,0,8,50,58
057912,IRVING ISD,19,18:1,18:1,Savvas-S,23,"Savvas-S,Savvas-E",4,19,0,23,4,2142,78,2220
057913,LANCASTER ISD,23,22:1,22:1,Savvas-E,6,"Savvas-E,Other",1,5,0,6,1,472,17,489
057914,MESQUITE ISD,23,20:1,14:1,Savvas-E,30,"Savvas-E,Savvas-S,Frog Street-S",5,27,0,32,5,1367,29,1396
057916,RICHARDSON ISD,20,19:1,13:1,Frog Street-E,27,"Frog Street-E,Frog Street-S",0,29,0,29,0,1293,171,1464
057919,SUNNYVALE ISD,18,17:1,17:1,CIRCLE-E,1,CIRCLE-E,1,0,0,1,1,34,20,54
057922,COPPELL ISD,18,13:1,13:1,Savvas-E,4,"Savvas-E,Savvas-S",0,4,0,4,0,*,*,248
058902,DAWSON ISD,9,9:1,9:1,Savvas-E,1,Savvas-E,0,1,0,1,0,*,*,6
058905,KLONDIKE ISD,19,19:1,13:1,Savvas-E,1,Savvas-E,0,1,0,1,0,*,*,17
058906,LAMESA ISD,19,20:1,13:1,PreK On My Way-E,1,PreK On My Way-E,0,1,0,1,0,74,15,89
058909,SANDS CISD,14,14:1,14:1,Other,1,Other,0,1,0,1,0,*,*,13
059901,HEREFORD ISD,21,22:1,14:1,PreK On My Way-E,1,PreK On My Way-E,0,1,0,1,0,*,*,232
059902,WALCOTT ISD,19,19:1,19:1,Frog Street-E,1,Frog Street-E,0,1,0,1,0,6,12,18
060902,COOPER ISD,19,19:1,19:1,Frog Street-E,1,Frog Street-E,0,1,0,1,0,54,"",54
060914,FANNINDEL ISD,9,9:1,9:1,CIRCLE-E,1,CIRCLE-E,0,1,0,1,0,15,"",15
061802,NORTH TEXAS COLLEGIATE ACADEMY,19,20:1,20:1,CIRCLE-E,3,CIRCLE-E,0,3,0,3,0,97,"",97
061901,DENTON ISD,19,15:1,10:1,Savvas-E,21,Savvas-E,0,21,0,21,0,1096,92,1188
061902,LEWISVILLE ISD,9,18:1,14:1,PreK On My Way-E,19,PreK On My Way-E,11,8,0,19,11,950,140,1090
061903,PILOT POINT ISD,17,21:1,12:1,Ready to Advance-E,1,"Ready to Advance-E,Ready to Advance-S",0,1,0,1,0,54,18,72
061905,KRUM ISD,6,12:1,12:1,CIRCLE-E,1,"CIRCLE-E,CIRCLE-S,PreK On My Way-E",1,0,0,1,1,80,7,87
061906,PONDER ISD,9,10:1,6:1,Savvas-E,1,Savvas-E,0,1,0,1,0,23,"",23
061907,AUBREY ISD,17,16:1,16:1,Other,1,Other,0,1,0,1,0,70,"",70
061908,SANGER ISD,15,12:1,10:1,Other,2,Other,0,2,0,2,0,68,11,79
061910,ARGYLE ISD,9,10:1,7:1,PreK On My Way-E,2,PreK On My Way-E,0,2,0,2,0,17,12,29
061911,NORTHWEST ISD,21,30:1,19:1,Frog Street-E,16,"Frog Street-E,Frog Street-S",1,3,12,4,13,359,90,449
061912,LAKE DALLAS ISD,22,20:1,13:1,CIRCLE-E,3,"CIRCLE-E,CIRCLE-S",0,3,0,3,0,*,*,97
061914,LITTLE ELM ISD,10,15:1,15:1,Other,4,Other,0,2,2,2,2,152,"",152
062901,CUERO ISD,17,14:1,14:1,CIRCLE-E,1,CIRCLE-E,0,1,0,1,0,56,9,65
062902,NORDHEIM ISD,6,6:1,4:1,Frog Street-E,1,Frog Street-E,0,1,0,1,0,*,*,6
062903,YOAKUM ISD,17,16:1,17:1,Other,1,Other,1,0,0,1,1,53,17,70
062904,YORKTOWN ISD,16,16:1,16:1,Frog Street-E,1,Frog Street-E,0,1,0,1,0,13,18,31
062905,WESTHOFF ISD,10,10:1,10:1,CIRCLE-E,1,CIRCLE-E,0,1,0,1,0,*,*,10
062906,MEYERSVILLE ISD,10,10:1,10:1,PreK On My Way-E,1,PreK On My Way-E,0,1,0,1,0,*,*,9
063903,SPUR ISD,14,14:1,14:1,Frog Street-E,1,Frog Street-E,0,1,0,1,0,8,5,13
063906,PATTON SPRINGS ISD,14,7:1,7:1,CIRCLE-E,1,CIRCLE-E,0,1,0,1,0,13,"",13
064903,CARRIZO SPRINGS CISD,15,14:1,9:1,CIRCLE-E,1,CIRCLE-E,0,1,0,1,0,45,10,55
065901,CLARENDON ISD,19,13:1,13:1,CIRCLE-E,1,"CIRCLE-E,Other",0,1,0,1,0,26,6,32
065902,HEDLEY ISD,3,3:1,3:1,Frog Street-E,1,Frog Street-E,0,1,0,1,0,*,*,*
066005,RAMIREZ CSD,2,2:1,1:1,CIRCLE-E,1,CIRCLE-E,0,1,0,1,0,*,"",*
066901,BENAVIDES ISD,9,9:1,9:1,Other,1,Other,0,1,0,1,0,*,*,9
066902,SAN DIEGO ISD,22,24:1,24:1,CIRCLE-E,1,CIRCLE-E,1,0,0,1,1,76,5,81
066903,FREER ISD,32,32:1,32:1,CIRCLE-E,1,CIRCLE-E,0,1,0,1,0,45,14,59
067902,CISCO ISD,17,17:1,17:1,CIRCLE-E,1,CIRCLE-E,1,0,0,1,1,34,"",34
067903,EASTLAND ISD,23,23:1,23:1,Frog Street-E,1,Frog Street-E,1,0,0,1,1,*,*,62
067904,GORMAN ISD,13,13:1,13:1,CIRCLE-E,1,CIRCLE-E,1,0,0,1,1,*,*,11
067907,RANGER ISD,22,22:1,22:1,CIRCLE-E,1,CIRCLE-E,0,1,0,1,0,*,*,17
067908,RISING STAR ISD,11,11:1,11:1,Other,1,Other,0,1,0,1,0,5,5,10
068901,ECTOR COUNTY ISD,22,22:1,22:1,Frog Street-E,19,Frog Street-E,5,14,0,19,5,1439,235,1674
069901,ROCKSPRINGS ISD,16,16:1,16:1,Other,1,Other,0,1,0,1,0,11,5,16
069902,NUECES CANYON CISD,7,7:1,7:1,CIRCLE-E,1,CIRCLE-E,0,1,0,1,0,*,*,8
070801,WAXAHACHIE FAITH FAMILY ACADEMY,27,20:1,20:1,Frog Street-E,1,"Frog Street-E,Frog Street-S",0,2,0,2,0,*,*,139
070901,AVALON ISD,17,33:1,33:1,Frog Street-E,1,Frog Street-E,1,0,0,1,1,23,9,32
070903,ENNIS ISD,19,17:1,17:1,Frog Street-E,2,"Frog Street-E,Frog Street-S",0,2,0,2,0,365,43,408
070905,FERRIS ISD,20,19:1,12:1,PreK On My Way-E,1,"PreK On My Way-E,PreK On My Way-S",1,0,0,1,1,115,8,123
070907,ITALY ISD,19,19:1,19:1,PreK On My Way-E,1,PreK On My Way-E,1,0,0,1,1,*,*,31
070908,MIDLOTHIAN ISD,19,15:1,14:1,PreK On My Way-E,5,"PreK On My Way-E,PreK On My Way-S",1,4,0,5,1,121,14,135
070909,MILFORD ISD,14,14:1,14:1,Frog Street-E,1,Frog Street-E,0,0,1,0,1,*,*,11
070910,PALMER ISD,23,18:1,18:1,CIRCLE-E,1,CIRCLE-E,1,0,0,1,1,39,6,45
070911,RED OAK ISD,21,21:1,14:1,Ready to Advance-E,5,"Ready to Advance-E,Ready to Advance-S,Other",2,3,0,5,2,166,"",166
070912,WAXAHACHIE ISD,14,13:1,9:1,CIRCLE-E,3,CIRCLE-E,0,3,0,3,0,240,7,247
070915,MAYPEARL ISD,17,17:1,17:1,CIRCLE-E,1,CIRCLE-E,1,0,0,1,1,*,*,29
071801,BURNHAM WOOD CHARTER SCHOOL DISTRIC,19,18:1,16:1,Other,2,"Other,Frog Street-E",2,0,0,2,2,94,19,113
071806,HARMONY PUBLIC SCHOOLS - WEST TEXAS,25,22:1,19:1,Savvas-E,2,Savvas-E,0,2,0,2,0,125,"",125
071807,LA FE PREPARATORY SCHOOL,13,13:1,13:1,Creative Curriculum-E,1,Creative Curriculum-E,0,1,0,1,0,25,"",25
071809,VISTA DEL FUTURO CHARTER SCHOOL,21,20:1,20:1,Frog Street-E,1,"Frog Street-E,Other",1,0,0,1,1,51,7,58
071901,CLINT ISD,21,17:1,12:1,Frog Street-E,6,"Frog Street-E,Frog Street-S",1,5,0,6,1,361,28,389
071902,EL PASO ISD,19,15:1,15:1,Frog Street-E,48,Frog Street-E,34,0,14,34,48,1994,185,2179
071903,FABENS ISD,18,14:1,14:1,Frog Street-E,1,"Frog Street-E,Frog Street-S",0,1,0,1,0,*,*,67
071904,SAN ELIZARIO ISD,16,19:1,19:1,Frog Street-E,1,"Frog Street-E,Frog Street-S,PreK On My Way-E,PreK On My Way-S",0,1,0,1,0,220,13,233
071905,YSLETA ISD,20,15:1,12:1,Savvas-E,19,Savvas-E,0,18,0,18,0,978,80,1058
071906,ANTHONY ISD,18,16:1,16:1,Savvas-E,1,Savvas-E,0,1,0,1,0,32,11,43
071907,CANUTILLO ISD,20,16:1,16:1,PreK On My Way-S,6,"PreK On My Way-S,PreK On My Way-E",0,0,6,0,6,171,19,190
071908,TORNILLO ISD,5,8:1,8:1,Savvas-E,1,Savvas-E,0,1,0,1,0,*,*,26
071909,SOCORRO ISD,23,19:1,14:1,Frog Street-E,26,"Frog Street-E,Frog Street-S",17,11,0,28,17,2181,347,2528
072901,THREE WAY ISD,11,21:1,21:1,Other,1,Other,0,1,0,1,0,*,*,20
072902,DUBLIN ISD,14,12:1,12:1,CIRCLE-E,1,CIRCLE-E,0,1,0,1,0,46,14,60
072903,STEPHENVILLE ISD,24,18:1,18:1,CIRCLE-E,1,"CIRCLE-E,CIRCLE-S",0,1,0,1,0,128,20,148
072904,BLUFF DALE ISD,18,18:1,18:1,Frog Street-E,1,Frog Street-E,0,1,0,1,0,6,10,16
072908,HUCKABAY ISD,19,19:1,19:1,Other,1,Other,0,1,0,1,0,"",12,12
072909,LINGLEVILLE ISD,8,15:1,10:1,Frog Street-E,1,Frog Street-E,1,0,0,1,1,10,7,17
072910,MORGAN MILL ISD,14,14:1,14:1,Frog Street-E,1,Frog Street-E,0,1,0,1,0,*,*,11
073901,CHILTON ISD,18,17:1,17:1,Other,1,Other,1,0,0,1,1,52,"",52
073903,MARLIN ISD,20,20:1,20:1,CIRCLE-E,1,CIRCLE-E,0,1,0,1,0,62,"",62
073905,ROSEBUD-LOTT ISD,20,20:1,20:1,CIRCLE-E,1,CIRCLE-E,0,1,0,1,0,22,13,35
074903,BONHAM ISD,20,19:1,14:1,Other,1,Other,1,0,0,1,1,143,7,150
074904,DODD CITY ISD,17,17:1,17:1,CIRCLE-E,1,CIRCLE-E,0,1,0,1,0,5,8,13
074905,ECTOR ISD,12,12:1,12:1,Frog Street-E,1,Frog Street-E,1,0,0,1,1,*,*,13
074907,HONEY GROVE ISD,14,14:1,14:1,CIRCLE-E,1,CIRCLE-E,1,0,0,1,1,14,13,27
074909,LEONARD ISD,18,18:1,18:1,Other,1,Other,1,0,0,1,1,*,*,18
074911,SAVOY ISD,21,21:1,21:1,Frog Street-E,1,Frog Street-E,0,1,0,1,0,8,10,18
074912,TRENTON ISD,19,19:1,19:1,Other,1,Other,0,1,0,1,0,19,19,38
074917,SAM RAYBURN ISD,12,12:1,12:1,PreK On My Way-E,1,PreK On My Way-E,0,1,0,1,0,18,16,34
075901,FLATONIA ISD,22,22:1,22:1,Other,1,Other,1,0,0,1,1,16,19,35
075902,LA GRANGE ISD,22,21:1,21:1,Frog Street-E,1,"Frog Street-E,Frog Street-S",0,1,0,1,0,53,"",53
075903,SCHULENBURG ISD,21,20:1,13:1,Frog Street-E,1,Frog Street-E,0,0,1,0,1,29,8,37
075906,FAYETTEVILLE ISD,13,13:1,13:1,CIRCLE-E,1,CIRCLE-E,0,1,0,1,0,*,*,13
075908,ROUND TOP-CARMINE ISD,10,10:1,10:1,CIRCLE-E,1,CIRCLE-E,0,1,0,1,0,*,*,9
076903,ROBY CISD,15,15:1,15:1,Savvas-E,1,Savvas-E,0,1,0,1,0,5,6,11
076904,ROTAN ISD,12,12:1,12:1,Frog Street-E,1,Frog Street-E,1,0,0,1,1,*,*,28
077901,FLOYDADA COLLEGIATE ISD,17,17:1,17:1,Savvas-E,1,Savvas-E,0,1,0,1,0,43,6,49
077902,LOCKNEY ISD,21,21:1,14:1,Frog Street-E,1,Frog Street-E,0,1,0,1,0,20,"",20
078901,CROWELL ISD,8,16:1,16:1,CIRCLE-E,1,CIRCLE-E,1,0,0,1,1,9,9,18
079901,LAMAR CISD,20,18:1,15:1,Frog Street-E,19,"Frog Street-E,Frog Street-S",0,19,0,19,0,*,*,1107
079906,NEEDVILLE ISD,22,22:1,22:1,Other,1,Other,0,1,0,1,0,44,"",44
079907,FORT BEND ISD,23,20:1,14:1,Savvas-E,27,"Savvas-E,Savvas-S",0,29,0,29,0,1700,74,1774
079910,STAFFORD MSD,,,,,,,1,0,0,1,1,*,*,222
080901,MOUNT VERNON ISD,14,17:1,11:1,PreK On My Way-E,1,"PreK On My Way-E,PreK On My Way-S",0,1,0,1,0,*,*,49
081902,FAIRFIELD ISD,16,12:1,12:1,CIRCLE-E,1,CIRCLE-E,0,1,0,1,0,58,"",58
081904,TEAGUE ISD,22,15:1,15:1,Savvas-E,1,Savvas-E,0,1,0,1,0,41,"",41
081905,WORTHAM ISD,19,19:1,19:1,CIRCLE-E,1,CIRCLE-E,1,0,0,1,1,*,*,17
081906,DEW ISD,12,12:1,12:1,Creative Curriculum-E,1,Creative Curriculum-E,0,1,0,1,0,*,*,10
082902,DILLEY ISD,19,19:1,19:1,PreK On My Way-E,1,PreK On My Way-E,1,0,0,1,1,*,*,77
082903,PEARSALL ISD,21,17:1,17:1,Other,1,Other,1,0,0,1,1,76,9,85
083901,SEAGRAVES ISD,41,41:1,41:1,Frog Street-E,1,Frog Street-E,0,1,0,1,0,*,*,38
083903,SEMINOLE ISD,14,10:1,7:1,Other,1,Other,0,1,0,1,0,82,8,90
084802,ODYSSEY ACADEMY INC,19,22:1,15:1,CIRCLE-E,2,"CIRCLE-E,CIRCLE-S",1,1,0,2,1,*,*,230
084804,AMBASSADORS PREPARATORY ACADEMY,21,21:1,21:1,Other,1,Other,0,1,0,1,0,*,*,34
084901,DICKINSON ISD,17,23:1,18:1,Other,7,Other,5,0,2,5,7,325,"",325
084902,GALVESTON ISD,19,20:1,20:1,Frog Street-E,7,"Frog Street-E,Frog Street-S",0,7,0,7,0,374,45,419
084903,HIGH ISLAND ISD,2,2:1,2:1,Frog Street-E,1,Frog Street-E,0,1,0,1,0,*,*,*
084906,TEXAS CITY ISD,17,17:1,16:1,CIRCLE-E,1,CIRCLE-E,0,1,0,1,0,228,"",228
084908,HITCHCOCK ISD,17,17:1,17:1,Other,1,Other,2,0,0,2,2,175,32,207
084909,SANTA FE ISD,17,17:1,14:1,CIRCLE-E,3,CIRCLE-E,0,3,0,3,0,80,27,107
084910,CLEAR CREEK ISD,20,18:1,14:1,Other,19,Other,7,11,1,18,8,783,105,888
084911,FRIENDSWOOD ISD,20,20:1,20:1,PreK On My Way-E,1,PreK On My Way-E,0,1,0,1,0,33,"",33
085902,POST ISD,17,17:1,17:1,CIRCLE-E,1,CIRCLE-E,0,1,0,1,0,41,8,49
086024,DOSS CONSOLIDATED CSD,4,4:1,4:1,Frog Street-E,1,Frog Street-E,0,1,0,1,0,"",*,*
086901,FREDERICKSBURG ISD,18,14:1,14:1,CIRCLE-E,1,CIRCLE-E,1,0,0,1,1,*,*,149
086902,HARPER ISD,9,9:1,9:1,Frog Street-E,1,Frog Street-E,0,1,0,1,0,10,5,15
087901,GLASSCOCK COUNTY ISD,11,11:1,11:1,Other,1,Other,0,1,0,1,0,5,13,18
088902,GOLIAD ISD,8,13:1,9:1,Other,1,Other,0,1,0,1,0,38,20,58
089901,GONZALES ISD,25,25:1,25:1,CIRCLE-E,1,"CIRCLE-E,CIRCLE-S",0,1,0,1,0,90,17,107
089903,NIXON-SMILEY CISD,21,18:1,14:1,CIRCLE-E,1,CIRCLE-E,0,1,0,1,0,76,20,96
089905,WAELDER ISD,15,10:1,10:1,CIRCLE-E,1,CIRCLE-E,0,1,0,1,0,26,"",26
090902,LEFORS ISD,14,14:1,14:1,Other,1,Other,0,1,0,1,0,*,*,11
090903,MCLEAN ISD,14,14:1,14:1,PreK On My Way-E,1,PreK On My Way-E,0,1,0,1,0,*,*,8
090904,PAMPA ISD,20,19:1,19:1,Frog Street-E,2,"Frog Street-E,Frog Street-S",1,1,0,2,1,150,37,187
091901,BELLS ISD,12,12:1,12:1,Frog Street-E,1,Frog Street-E,0,1,0,1,0,16,8,24
091902,COLLINSVILLE ISD,19,18:1,14:1,Frog Street-E,1,Frog Street-E,0,1,0,1,0,20,14,34
091903,DENISON ISD,18,17:1,12:1,Savvas-E,4,"Savvas-E,Savvas-S",0,5,0,5,0,165,"",165
091905,HOWE ISD,20,20:1,13:1,CIRCLE-E,1,CIRCLE-E,0,1,0,1,0,42,"",42
091906,SHERMAN ISD,17,15:1,15:1,Frog Street-E,2,"Frog Street-E,Frog Street-S",0,2,0,2,0,226,"",226
091907,TIOGA ISD,17,17:1,17:1,CIRCLE-E,1,CIRCLE-E,0,1,0,1,0,13,22,35
091908,VAN ALSTYNE ISD,8,15:1,15:1,Quaver,1,Quaver,0,0,1,0,1,15,"",15
091909,WHITESBORO ISD,19,18:1,18:1,Frog Street-E,1,Frog Street-E,1,0,0,1,1,47,6,53
091910,WHITEWRIGHT ISD,17,17:1,17:1,CIRCLE-E,1,CIRCLE-E,0,0,1,0,1,20,9,29
091913,POTTSBORO ISD,19,19:1,19:1,CIRCLE-E,1,CIRCLE-E,0,1,0,1,0,36,"",36
091914,S AND S CISD,13,13:1,8:1,CIRCLE-E,1,CIRCLE-E,1,0,0,1,1,22,5,27
091917,GUNTER ISD,14,14:1,14:1,Frog Street-E,1,Frog Street-E,0,0,1,0,1,13,16,29
091918,TOM BEAN ISD,18,18:1,18:1,Frog Street-E,1,Frog Street-E,0,1,0,1,0,22,11,33
092901,GLADEWATER ISD,12,16:1,11:1,PreK On My Way-E,1,PreK On My Way-E,1,0,0,1,1,87,"",87
092902,KILGORE ISD,14,14:1,10:1,Savvas-E,1,"Savvas-E,Savvas-S",0,1,0,1,0,135,"",135
092903,LONGVIEW ISD,7,7:1,6:1,Other,2,Other,0,4,0,4,0,505,8,513
092904,PINE TREE ISD,23,20:1,13:1,Frog Street-E,1,Frog Street-E,1,0,0,1,1,175,11,186
092906,SABINE ISD,16,12:1,10:1,Other,1,Other,0,1,0,1,0,32,"",32
092907,SPRING HILL ISD,15,14:1,9:1,CIRCLE-E,1,CIRCLE-E,0,1,0,1,0,30,5,35
092908,WHITE OAK ISD,18,18:1,18:1,Ready to Advance-E,1,Ready to Advance-E,0,1,0,1,0,30,5,35
093901,ANDERSON-SHIRO CISD,12,12:1,12:1,CIRCLE-E,1,CIRCLE-E,0,1,0,1,0,*,*,22
093903,IOLA ISD,19,19:1,19:1,Frog Street-E,1,Frog Street-E,0,1,0,1,0,11,7,18
093904,NAVASOTA ISD,19,17:1,17:1,Ready to Advance-E,3,Ready to Advance-E,2,1,0,3,2,*,*,118
093905,RICHARDS ISD,19,19:1,19:1,CIRCLE-E,1,CIRCLE-E,0,1,0,1,0,*,*,17
094901,SEGUIN ISD,21,20:1,20:1,Savvas-E,1,"Savvas-E,Savvas-S",0,0,1,0,1,316,15,331
094902,SCHERTZ-CIBOLO-U CITY ISD,20,18:1,12:1,PreK On My Way-E,8,"PreK On My Way-E,PreK On My Way-S",0,8,0,8,0,375,"",375
094903,NAVARRO ISD,14,14:1,14:1,Frog Street-E,1,Frog Street-E,0,1,0,1,0,27,"",27
094904,MARION ISD,15,11:1,11:1,Savvas-E,1,Savvas-E,0,1,0,1,0,44,5,49
095901,ABERNATHY ISD,18,18:1,12:1,Other,1,Other,0,1,0,1,0,27,7,34
095902,COTTON CENTER ISD,7,7:1,7:1,Quaver,1,Quaver,0,1,0,1,0,*,*,7
095903,HALE CENTER ISD,15,14:1,14:1,Frog Street-E,1,Frog Street-E,0,1,0,1,0,39,16,55
095904,PETERSBURG ISD,12,12:1,6:1,CIRCLE-E,1,CIRCLE-E,0,1,0,1,0,*,*,25
095905,PLAINVIEW ISD,21,20:1,20:1,Other,6,Other,0,6,0,6,0,147,8,155
096904,MEMPHIS ISD,19,15:1,15:1,Creative Curriculum-E,1,Creative Curriculum-E,1,0,0,1,1,32,5,37
096905,TURKEY-QUITAQUE ISD,11,11:1,11:1,Savvas-E,1,Savvas-E,0,1,0,1,0,*,*,6
097902,HAMILTON ISD,26,18:1,18:1,PreK On My Way-E,1,PreK On My Way-E,0,1,0,1,0,41,11,52
097903,HICO ISD,23,15:1,15:1,CIRCLE-E,1,CIRCLE-E,0,1,0,1,0,25,16,41
098901,GRUVER ISD,20,20:1,20:1,Creative Curriculum-E,1,Creative Curriculum-E,0,1,0,1,0,9,10,19
098903,PRINGLE-MORSE CISD,6,6:1,6:1,CIRCLE-E,1,CIRCLE-E,0,1,0,1,0,"",*,*
098904,SPEARMAN ISD,17,17:1,17:1,Other,1,"Other,Savvas-E",0,1,0,1,0,28,19,47
099902,CHILLICOTHE ISD,19,19:1,19:1,Other,1,Other,0,1,0,1,0,19,"",19
099903,QUANAH ISD,8,7:1,7:1,Frog Street-E,1,Frog Street-E,1,0,0,1,1,*,*,30
100903,KOUNTZE ISD,62,62:1,62:1,CIRCLE-E,1,CIRCLE-E,1,0,0,1,1,45,8,53
100904,SILSBEE ISD,24,24:1,24:1,Frog Street-E,1,Frog Street-E,0,1,0,1,0,100,6,106
100905,HARDIN-JEFFERSON ISD,20,20:1,20:1,CIRCLE-E,2,CIRCLE-E,0,2,0,2,0,53,22,75
100907,LUMBERTON ISD,17,9:1,9:1,CIRCLE-E,1,CIRCLE-E,0,1,0,1,0,73,14,87
100908,WEST HARDIN COUNTY CISD,15,15:1,15:1,Other,1,Other,0,1,0,1,0,*,*,28
101802,SER-NINOS CHARTER SCHOOL,17,19:1,14:1,CIRCLE-E,2,CIRCLE-E,2,0,0,2,2,103,"",103
101804,GEORGE I SANCHEZ CHARTER,16,22:1,22:1,Creative Curriculum-E,1,Creative Curriculum-E,1,0,0,1,1,36,"",36
101806,RAUL YZAGUIRRE SCHOOLS FOR SUCCESS,17,17:1,17:1,Creative Curriculum-E,3,Creative Curriculum-E,1,2,0,3,1,*,*,169
101810,ACADEMY OF ACCELERATED LEARNING INC,21,16:1,16:1,Savvas-E,1,Savvas-E,,,,,,,,
101814,THE VARNETT PUBLIC SCHOOL,18,20:1,20:1,CIRCLE-E,3,CIRCLE-E,0,3,0,3,0,85,"",85
101815,ALIEF MONTESSORI COMMUNITY SCHOOL,8,16:1,16:1,Creative Curriculum-E,1,Creative Curriculum-E,0,0,1,0,1,98,"",98
101819,AMIGOS POR VIDA-FRIENDS FOR LIFE PU,21,21:1,14:1,Creative Curriculum-E,1,"Creative Curriculum-E,Creative Curriculum-S",0,1,0,1,0,60,"",60
101828,HOUSTON GATEWAY ACADEMY INC,18,18:1,18:1,Creative Curriculum-E,3,Creative Curriculum-E,0,3,0,3,0,209,"",209
101838,SOUTHWEST SCHOOL,22,15:1,15:1,Savvas-E,1,"Savvas-E,Savvas-S",0,1,0,1,0,39,"",39
101840,TWO DIMENSIONS PREPARATORY ACADEMY,20,24:1,24:1,CIRCLE-E,3,CIRCLE-E,0,3,0,3,0,167,"",167
101845,YES PREP PUBLIC SCHOOLS INC,22,19:1,19:1,Other,4,Other,0,4,0,4,0,*,*,162
101849,ACCELERATED INTERMEDIATE ACADEMY,13,26:1,26:1,Frog Street-E,1,Frog Street-E,0,1,0,1,0,25,"",25
101853,PROMISE COMMUNITY SCHOOL,17,23:1,23:1,Creative Curriculum-E,2,"Creative Curriculum-E,Frog Street-E,Frog Street-S",0,4,0,4,0,944,"",944
101855,MEYERPARK ELEMENTARY,21,21:1,21:1,Other,1,Other,1,0,0,1,1,*,*,39
101856,DRAW ACADEMY,18,33:1,33:1,CIRCLE-E,1,CIRCLE-E,1,0,0,1,1,100,"",100
101858,HARMONY PUBLIC SCHOOLS - HOUSTON NO,23,23:1,23:1,Savvas-E,1,Savvas-E,0,1,0,1,0,41,"",41
101861,THE RHODES SCHOOL FOR PERFORMING AR,24,24:1,24:1,Frog Street-E,2,Frog Street-E,0,2,0,2,0,58,"",58
101870,BETA ACADEMY,23,23:1,18:1,Ready to Advance-E,1,Ready to Advance-E,1,0,0,1,1,101,5,106
101877,ELEVATE COLLEGIATE CHARTER SCHOOL,24,24:1,24:1,Frog Street-E,1,Frog Street-E,0,1,0,1,0,17,6,23
101902,ALDINE ISD,22,17:1,14:1,Frog Street-E,12,Frog Street-E,0,12,0,12,0,3169,7,3176
101903,ALIEF ISD,21,23:1,23:1,Frog Street-E,24,"Frog Street-E,Frog Street-S",5,11,8,16,13,*,*,1792
101905,CHANNELVIEW ISD,22,19:1,19:1,Frog Street-E,1,"Frog Street-E,Frog Street-S",0,1,0,1,0,398,"",398
101906,CROSBY ISD,23,16:1,18:1,Savvas-E,1,Savvas-E,0,1,0,1,0,*,*,244
101907,CYPRESS-FAIRBANKS ISD,23,18:1,16:1,Frog Street-E,53,Frog Street-E,0,53,0,53,0,*,*,3773
101908,DEER PARK ISD,18,16:1,10:1,CIRCLE-E,1,"CIRCLE-E,CIRCLE-S",0,2,0,2,0,233,"",233
101910,GALENA PARK ISD,23,23:1,16:1,Frog Street-E,15,"Frog Street-E,Frog Street-S",3,12,0,15,3,980,"",980
101911,GOOSE CREEK CISD,23,18:1,18:1,Frog Street-E,15,Frog Street-E,13,2,0,15,13,907,28,935
101912,HOUSTON ISD,21,18:1,18:1,Savvas-E,162,Savvas-E,12,151,0,163,12,11331,369,11700
101913,HUMBLE ISD,23,19:1,12:1,Savvas-E,19,"Savvas-E,Savvas-S",4,15,0,19,4,928,67,995
101914,KATY ISD,23,20:1,14:1,Savvas-E,40,"Savvas-E,Savvas-S",0,43,0,43,0,*,*,2156
101915,KLEIN ISD,20,19:1,19:1,Other,27,Other,0,27,0,27,0,1371,63,1434
101916,LA PORTE ISD,23,21:1,15:1,CIRCLE-E,2,"CIRCLE-E,CIRCLE-S",0,2,0,2,0,197,"",197
101917,PASADENA ISD,18,17:1,12:1,Other,36,Other,1,36,0,37,1,2007,69,2076
101919,SPRING ISD,23,17:1,17:1,Frog Street-E,26,Frog Street-E,4,22,0,26,4,1720,49,1769
101920,SPRING BRANCH ISD,22,20:1,18:1,Ready to Advance-E,14,"Ready to Advance-E,Ready to Advance-S",5,12,0,17,5,1324,331,1655
101921,TOMBALL ISD,19,22:1,15:1,Ready to Advance-E,6,"Ready to Advance-E,Ready to Advance-S",0,3,4,3,4,*,*,310
101924,SHELDON ISD,23,17:1,13:1,Frog Street-E,2,"Frog Street-E,Frog Street-S",0,2,0,2,0,426,57,483
101925,HUFFMAN ISD,18,16:1,16:1,CIRCLE-E,1,CIRCLE-E,0,1,0,1,0,81,8,89
102901,KARNACK ISD,11,19:1,13:1,PreK On My Way-E,1,PreK On My Way-E,0,1,0,1,0,19,"",19
102902,MARSHALL ISD,17,15:1,10:1,Frog Street-E,1,"Frog Street-E,Frog Street-S",0,1,0,1,0,261,"",261
102903,WASKOM ISD,16,16:1,16:1,Savvas-E,1,Savvas-E,0,1,0,1,0,21,10,31
102904,HALLSVILLE ISD,17,17:1,12:1,CIRCLE-E,1,CIRCLE-E,0,1,0,1,0,107,"",107
102905,HARLETON ISD,21,21:1,14:1,Frog Street-E,1,Frog Street-E,0,1,0,1,0,12,8,20
102906,ELYSIAN FIELDS ISD,21,21:1,21:1,CIRCLE-E,1,CIRCLE-E,1,0,0,1,1,*,*,19
103901,CHANNING ISD,12,12:1,12:1,CIRCLE-E,1,CIRCLE-E,0,1,0,1,0,*,*,9
103902,HARTLEY ISD,12,12:1,12:1,Other,1,Other,0,1,0,1,0,5,6,11
104901,HASKELL CISD,21,21:1,21:1,CIRCLE-E,1,CIRCLE-E,1,0,0,1,1,*,*,38
104903,RULE ISD,10,10:1,10:1,Frog Street-E,1,Frog Street-E,0,1,0,1,0,*,*,9
104907,PAINT CREEK ISD,5,5:1,5:1,Frog Street-E,1,Frog Street-E,0,1,0,1,0,*,*,6
105902,SAN MARCOS CISD,26,22:1,22:1,Frog Street-E,1,"Frog Street-E,Frog Street-S",0,1,0,1,0,338,37,375
105904,DRIPPING SPRINGS ISD,17,16:1,14:1,Ready to Advance-E,5,"Ready to Advance-E,Ready to Advance-S",1,4,0,5,1,44,182,226
105905,WIMBERLEY ISD,18,19:1,19:1,CIRCLE-E,1,"CIRCLE-E,CIRCLE-S",1,0,0,1,1,73,83,156
105906,HAYS CISD,23,21:1,21:1,Savvas-E,12,"Savvas-E,Savvas-S",0,12,0,12,0,609,21,630
106901,CANADIAN ISD,9,13:1,13:1,CIRCLE-E,1,CIRCLE-E,1,0,0,1,1,*,*,37
107901,ATHENS ISD,21,21:1,20:1,Frog Street-E,3,"Frog Street-E,Frog Street-S",0,3,0,3,0,175,16,191
107902,BROWNSBORO ISD,20,19:1,19:1,Ready to Advance-E,2,Ready to Advance-E,1,1,0,2,1,91,11,102
107904,CROSS ROADS ISD,26,26:1,26:1,Creative Curriculum-E,1,Creative Curriculum-E,1,0,0,1,1,15,6,21
107905,EUSTACE ISD,17,15:1,10:1,CIRCLE-E,1,CIRCLE-E,0,1,0,1,0,87,"",87
107906,MALAKOFF ISD,20,18:1,12:1,Frog Street-E,2,Frog Street-E,0,2,0,2,0,*,*,44
107907,TRINIDAD ISD,5,5:1,5:1,Frog Street-E,1,Frog Street-E,0,1,0,1,0,*,"",*
107908,MURCHISON ISD,13,13:1,13:1,CIRCLE-E,1,CIRCLE-E,0,1,0,1,0,*,*,12
107910,LAPOYNOR ISD,14,14:1,14:1,Other,1,Other,0,1,0,1,0,12,14,26
108802,HORIZON MONTESSORI PUBLIC SCHOOLS,19,16:1,14:1,Savvas-E,4,Savvas-E,4,0,0,4,4,248,50,298
108807,IDEA PUBLIC SCHOOLS,24,38:1,38:1,Other,32,Other,0,0,32,0,32,3091,189,3280
108808,VANGUARD ACADEMY,17,19:1,14:1,Frog Street-E,5,"Frog Street-E,Frog Street-S",5,0,0,5,5,533,55,588
108809,EXCELLENCE IN LEADERSHIP ACADEMY,16,16:1,16:1,CIRCLE-E,1,CIRCLE-E,1,0,0,1,1,29,"",29
108902,DONNA ISD,22,21:1,21:1,PreK On My Way-E,12,"PreK On My Way-E,PreK On My Way-S",1,12,0,13,1,512,44,556
108903,EDCOUCH-ELSA ISD,20,19:1,14:1,CIRCLE-E,1,"CIRCLE-E,Frog Street-E,Other",1,0,0,1,1,291,15,306
108904,EDINBURG CISD,20,11:1,11:1,Frog Street-E,32,Frog Street-E,1,31,0,32,1,1934,354,2288
108905,HIDALGO ISD,24,21:1,15:1,Frog Street-E,5,"Frog Street-E,Frog Street-S,Other",0,5,0,5,0,165,10,175
108906,MCALLEN ISD,18,20:1,18:1,Savvas-E,18,"Savvas-E,Frog Street-E",4,14,0,18,4,913,79,992
108907,MERCEDES ISD,15,23:1,23:1,CIRCLE-E,3,"CIRCLE-E,CIRCLE-S,Frog Street-E,Savvas-E",2,3,0,5,2,226,9,235
108908,MISSION CISD,23,21:1,18:1,Other,15,Other,1,14,0,15,1,928,145,1073
108909,PHARR-SAN JUAN-ALAMO ISD,17,14:1,13:1,Frog Street-E,26,Frog Street-E,25,1,0,26,25,2348,155,2503
108910,PROGRESO ISD,17,14:1,14:1,Frog Street-E,1,"Frog Street-E,Frog Street-S",0,1,0,1,0,44,"",44
108911,SHARYLAND ISD,22,18:1,18:1,Ready to Advance-S,8,"Ready to Advance-S,Ready to Advance-E",0,8,0,8,0,268,19,287
108912,LA JOYA ISD,22,19:1,17:1,Savvas-S,23,"Savvas-S,Savvas-E,Frog Street-E,Frog Street-S",8,16,0,24,8,1357,82,1439
108913,WESLACO ISD,20,21:1,21:1,Savvas-E,10,"Savvas-E,Frog Street-E,Frog Street-S",0,10,1,10,1,878,100,978
108914,LA VILLA ISD,16,16:1,16:1,Creative Curriculum-E,1,Creative Curriculum-E,1,0,0,1,1,*,*,31
108915,MONTE ALTO ISD,31,31:1,31:1,CIRCLE-E,1,"CIRCLE-E,Other",0,0,1,0,1,*,*,62
108916,VALLEY VIEW ISD,19,18:1,14:1,PreK On My Way-E,4,PreK On My Way-E,0,4,0,4,0,181,"",181
109901,ABBOTT ISD,15,15:1,15:1,Savvas-E,1,Savvas-E,0,1,0,1,0,*,*,14
109902,BYNUM ISD,6,6:1,6:1,Frog Street-E,1,Frog Street-E,0,1,0,1,0,*,*,5
109903,COVINGTON ISD,14,14:1,14:1,CIRCLE-E,1,CIRCLE-E,0,1,0,1,0,9,5,14
109904,HILLSBORO ISD,18,20:1,24:1,Other,1,"Other,Savvas-E",0,1,0,1,0,132,33,165
109905,HUBBARD ISD,21,21:1,21:1,Savvas-E,1,Savvas-E,0,1,0,1,0,28,10,38
109907,ITASCA ISD,18,18:1,18:1,Frog Street-E,1,Frog Street-E,0,1,0,1,0,25,10,35
109908,MALONE ISD,8,8:1,8:1,Frog Street-E,1,Frog Street-E,0,1,0,1,0,24,"",24
109910,MOUNT CALM ISD,24,24:1,24:1,Frog Street-E,1,Frog Street-E,0,1,0,1,0,*,*,21
109911,WHITNEY ISD,24,24:1,24:1,Other,1,Other,0,1,0,1,0,58,26,84
109912,AQUILLA ISD,10,10:1,10:1,Frog Street-E,1,Frog Street-E,0,1,0,1,0,10,9,19
109913,BLUM ISD,20,20:1,20:1,CIRCLE-E,1,CIRCLE-E,0,1,0,1,0,16,"",16
109914,PENELOPE ISD,12,12:1,12:1,Frog Street-E,1,Frog Street-E,0,1,0,1,0,8,8,16
110901,ANTON ISD,10,10:1,10:1,Savvas-E,1,Savvas-E,0,1,0,1,0,*,*,8
110902,LEVELLAND ISD,19,15:1,11:1,CIRCLE-E,1,CIRCLE-E,0,1,0,1,0,128,30,158
110905,ROPES ISD,18,18:1,12:1,Frog Street-E,1,Frog Street-E,0,1,0,1,0,*,*,35
110906,SMYER ISD,21,21:1,21:1,Other,1,Other,0,1,0,1,0,*,*,20
110907,SUNDOWN ISD,15,15:1,10:1,Frog Street-E,1,Frog Street-E,0,1,0,1,0,14,11,25
110908,WHITHARRAL ISD,17,17:1,17:1,Other,1,Other,0,1,0,1,0,8,9,17
111901,GRANBURY ISD,18,18:1,12:1,Frog Street-E,1,"Frog Street-E,Frog Street-S,Ready to Advance-S",0,1,0,1,0,279,11,290
111902,LIPAN ISD,29,29:1,19:1,Frog Street-E,1,Frog Street-E,1,0,0,1,1,17,8,25
111903,TOLAR ISD,21,20:1,13:1,CIRCLE-E,1,CIRCLE-E,0,1,0,1,0,21,18,39
112901,SULPHUR SPRINGS ISD,14,15:1,9:1,Frog Street-E,1,"Frog Street-E,Frog Street-S",1,0,0,1,1,204,11,215
112905,CUMBY ISD,14,14:1,14:1,CIRCLE-E,1,CIRCLE-E,1,0,0,1,1,23,7,30
112906,NORTH HOPKINS ISD,17,17:1,11:1,CIRCLE-E,1,CIRCLE-E,1,0,0,1,1,14,20,34
112907,MILLER GROVE ISD,13,13:1,13:1,CIRCLE-E,1,CIRCLE-E,1,0,0,1,1,18,8,26
112908,COMO-PICKTON CISD,13,12:1,12:1,CIRCLE-E,1,CIRCLE-E,1,0,0,1,1,21,13,34
112909,SALTILLO ISD,19,19:1,19:1,CIRCLE-E,1,CIRCLE-E,1,0,0,1,1,12,6,18
112910,SULPHUR BLUFF ISD,13,13:1,13:1,CIRCLE-E,1,CIRCLE-E,1,0,0,1,1,9,5,14
113901,CROCKETT ISD,22,25:1,25:1,CIRCLE-E,1,CIRCLE-E,1,0,0,1,1,*,*,73
113902,GRAPELAND ISD,17,17:1,17:1,CIRCLE-E,1,CIRCLE-E,0,1,0,1,0,42,26,68
113903,LOVELADY ISD,11,11:1,11:1,Frog Street-E,1,Frog Street-E,0,1,0,1,0,*,*,18
113905,LATEXO ISD,14,14:1,14:1,Frog Street-E,1,Frog Street-E,0,1,0,1,0,15,10,25
113906,KENNARD ISD,17,17:1,17:1,CIRCLE-E,1,CIRCLE-E,0,1,0,1,0,*,*,29
114901,BIG SPRING ISD,11,12:1,12:1,CIRCLE-E,1,CIRCLE-E,0,1,0,1,0,69,"",69
114902,COAHOMA ISD,21,15:1,15:1,Frog Street-E,1,Frog Street-E,0,1,0,1,0,16,23,39
114904,FORSAN ISD,21,11:1,11:1,CIRCLE-E,1,CIRCLE-E,0,1,0,1,0,*,*,19
115901,FT HANCOCK ISD,11,11:1,11:1,LWTears-S,1,LWTears-S,0,1,0,1,0,*,*,10
115902,SIERRA BLANCA ISD,3,3:1,3:1,Other,1,Other,0,0,1,0,1,5,"",5
115903,DELL CITY ISD,11,11:1,11:1,Creative Curriculum-E,1,Creative Curriculum-E,0,1,0,1,0,*,*,9
116901,CADDO MILLS ISD,21,17:1,13:1,CIRCLE-E,2,CIRCLE-E,1,1,0,2,1,30,26,56
116902,CELESTE ISD,28,28:1,19:1,Savvas-E,1,Savvas-E,0,1,0,1,0,19,8,27
116903,COMMERCE ISD,20,20:1,20:1,PreK On My Way-E,1,PreK On My Way-E,0,1,0,1,0,69,10,79
116905,GREENVILLE ISD,19,16:1,16:1,Frog Street-E,1,"Frog Street-E,Frog Street-S",0,1,0,1,0,344,26,370
116906,LONE OAK ISD,15,11:1,11:1,Frog Street-E,1,Frog Street-E,0,1,0,1,0,21,10,31
116908,QUINLAN ISD,22,21:1,14:1,CIRCLE-E,1,CIRCLE-E,0,1,0,1,0,132,"",132
116909,WOLFE CITY ISD,16,16:1,13:1,CIRCLE-E,1,CIRCLE-E,1,0,0,1,1,26,6,32
116910,CAMPBELL ISD,16,16:1,16:1,Savvas-E,1,Savvas-E,0,1,0,1,0,12,"",12
116915,BLAND ISD,21,21:1,21:1,Frog Street-E,1,Frog Street-E,0,1,0,1,0,*,*,34
116916,BOLES ISD,16,16:1,16:1,CIRCLE-E,1,CIRCLE-E,1,0,0,1,1,19,13,32
117901,BORGER ISD,21,18:1,18:1,Frog Street-E,1,"Frog Street-E,Frog Street-S",0,1,0,1,0,102,31,133
117903,SANFORD-FRITCH ISD,16,16:1,16:1,Creative Curriculum-E,1,Creative Curriculum-E,0,1,0,1,0,19,13,32
117904,PLEMONS-STINNETT-PHILLIPS CISD,16,16:1,10:1,CIRCLE-E,1,CIRCLE-E,1,0,0,1,1,13,14,27
118902,IRION COUNTY ISD,24,14:1,14:1,Frog Street-E,1,Frog Street-E,0,1,0,1,0,13,23,36
119901,BRYSON ISD,13,13:1,13:1,Frog Street-E,1,Frog Street-E,1,0,0,1,1,*,*,13
119902,JACKSBORO ISD,15,14:1,10:1,Other,1,Other,0,1,0,1,0,32,8,40
119903,PERRIN-WHITT CISD,13,13:1,13:1,Other,1,Other,0,1,0,1,0,14,"",14
120901,EDNA ISD,22,18:1,18:1,Frog Street-E,1,Frog Street-E,0,1,0,1,0,51,34,85
120902,GANADO ISD,17,16:1,11:1,Other,1,Other,0,1,0,1,0,26,5,31
120905,INDUSTRIAL ISD,14,13:1,10:1,Quaver,2,Quaver,0,2,0,2,0,12,11,23
121902,BROOKELAND ISD,19,19:1,19:1,CIRCLE-E,1,CIRCLE-E,0,1,0,1,0,8,7,15
121903,BUNA ISD,14,14:1,14:1,Frog Street-E,1,Frog Street-E,1,0,0,1,1,29,26,55
121904,JASPER ISD,23,19:1,16:1,PreK On My Way-E,1,PreK On My Way-E,0,1,0,1,0,*,*,82
121905,KIRBYVILLE CISD,24,24:1,24:1,CIRCLE-E,1,CIRCLE-E,0,1,0,1,0,56,6,62
121906,EVADALE ISD,13,13:1,13:1,Savvas-E,1,Savvas-E,0,1,0,1,0,*,*,12
122901,FT DAVIS ISD,9,9:1,9:1,Frog Street-E,1,Frog Street-E,0,1,0,1,0,*,*,7
122902,VALENTINE ISD,2,2:1,2:1,Other,1,Other,1,0,0,1,1,*,*,*
123803,TEKOA ACADEMY OF ACCELERATED STUDIE,15,16:1,16:1,Savvas-E,2,Savvas-E,0,2,0,2,0,66,"",66
123805,EHRHART SCHOOL,12,12:1,8:1,Ready to Advance-E,1,Ready to Advance-E,0,1,0,1,0,*,*,36
123807,BOB HOPE SCHOOL,10,14:1,14:1,Other,2,"Other,CIRCLE-E",2,0,0,2,2,*,*,316
123905,NEDERLAND ISD,10,20:1,13:1,Frog Street-E,4,"Frog Street-E,Frog Street-S",0,0,4,0,4,88,"",88
123907,PORT ARTHUR ISD,20,14:1,14:1,CIRCLE-E,8,"CIRCLE-E,CIRCLE-S",1,7,0,8,1,427,11,438
123908,PORT NECHES-GROVES ISD,13,16:1,16:1,CIRCLE-E,1,CIRCLE-E,0,0,1,0,1,*,*,72
123910,BEAUMONT ISD,23,19:1,19:1,Frog Street-E,9,Frog Street-E,0,9,0,9,0,1037,"",1037
123913,SABINE PASS ISD,14,14:1,14:1,Savvas-E,1,Savvas-E,0,0,1,0,1,"",15,15
123914,HAMSHIRE-FANNETT ISD,17,13:1,13:1,Other,1,Other,0,1,0,1,0,32,15,47
124901,JIM HOGG COUNTY ISD,11,9:1,9:1,Other,1,Other,0,1,0,1,0,32,"",32
125901,ALICE ISD,16,13:1,11:1,CIRCLE-E,5,CIRCLE-E,0,4,0,4,0,123,24,147
125902,BEN BOLT-PALITO BLANCO ISD,24,24:1,24:1,Frog Street-E,1,Frog Street-E,0,1,0,1,0,23,"",23
125903,ORANGE GROVE ISD,21,21:1,21:1,CIRCLE-E,1,CIRCLE-E,1,0,0,1,1,46,15,61
125905,PREMONT ISD,18,18:1,18:1,CIRCLE-E,1,CIRCLE-E,0,1,0,1,0,*,*,64
125906,LA GLORIA ISD,3,3:1,3:1,Frog Street-E,1,Frog Street-E,1,0,0,1,1,*,*,*
126901,ALVARADO ISD,18,17:1,12:1,Frog Street-E,3,"Frog Street-E,Frog Street-S",0,3,0,3,0,112,5,117
126902,BURLESON ISD,23,18:1,13:1,PreK On My Way-E,5,"PreK On My Way-E,PreK On My Way-S",1,4,0,5,1,*,*,246
126903,CLEBURNE ISD,19,19:1,19:1,CIRCLE-E,7,CIRCLE-E,6,1,0,7,6,277,50,327
126904,GRANDVIEW ISD,21,21:1,14:1,PreK On My Way-E,1,PreK On My Way-E,0,1,0,1,0,30,9,39
126905,JOSHUA ISD,13,13:1,13:1,CIRCLE-E,5,"CIRCLE-E,CIRCLE-S",0,5,0,5,0,145,"",145
126906,KEENE ISD,24,24:1,24:1,Frog Street-E,1,Frog Street-E,0,1,0,1,0,*,*,40
126907,RIO VISTA ISD,17,17:1,11:1,Other,1,Other,1,0,0,1,1,*,*,32
126908,VENUS ISD,15,15:1,15:1,Savvas-E,1,"Savvas-E,Savvas-S",0,1,0,1,0,86,23,109
126911,GODLEY ISD,21,18:1,12:1,CIRCLE-E,1,CIRCLE-E,0,1,0,1,0,64,57,121
127901,ANSON ISD,16,15:1,15:1,CIRCLE-E,1,CIRCLE-E,1,0,0,1,1,50,9,59
127903,HAMLIN COLLEGIATE ISD,15,15:1,15:1,CIRCLE-E,1,CIRCLE-E,1,0,0,1,1,32,16,48
127904,HAWLEY ISD,13,13:1,13:1,CIRCLE-E,1,CIRCLE-E,0,1,0,1,0,13,11,24
127905,LUEDERS-AVOCA ISD,12,6:1,6:1,Frog Street-E,1,Frog Street-E,0,1,0,1,0,7,"",7
127906,STAMFORD ISD,15,12:1,12:1,CIRCLE-E,1,"CIRCLE-E,Frog Street-E,Frog Street-S",1,0,0,1,1,*,*,34
128901,KARNES CITY ISD,14,13:1,9:1,PreK On My Way-E,1,PreK On My Way-E,0,1,0,1,0,45,16,61
128902,KENEDY ISD,21,14:1,14:1,Other,1,Other,0,1,0,1,0,*,*,41
128903,RUNGE ISD,17,17:1,11:1,Creative Curriculum-E,1,Creative Curriculum-E,0,1,0,1,0,*,*,16
128904,FALLS CITY ISD,16,16:1,16:1,CIRCLE-E,1,CIRCLE-E,1,0,0,1,1,*,*,15
129901,CRANDALL ISD,18,15:1,10:1,Frog Street-E,5,"Frog Street-E,Frog Street-S",0,5,0,5,0,143,6,149
129902,FORNEY ISD,21,22:1,22:1,CIRCLE-E,3,"CIRCLE-E,Other",2,1,0,3,2,238,"",238
129903,KAUFMAN ISD,20,18:1,12:1,Frog Street-E,1,Frog Street-E,0,1,0,1,0,171,6,177
129904,KEMP ISD,22,19:1,19:1,CIRCLE-E,1,CIRCLE-E,0,1,0,1,0,65,5,70
129905,MABANK ISD,19,19:1,15:1,Savvas-E,2,Savvas-E,0,2,0,2,0,180,"",180
129906,TERRELL ISD,18,19:1,11:1,Other,1,Other,1,0,0,1,1,230,51,281
129910,SCURRY-ROSSER ISD,10,10:1,10:1,CIRCLE-E,1,CIRCLE-E,0,1,0,1,0,19,"",19
130901,BOERNE ISD,7,11:1,8:1,Other,7,Other,0,7,0,7,0,107,31,138
130902,COMFORT ISD,23,14:1,14:1,Frog Street-E,1,Frog Street-E,1,0,0,1,1,*,*,64
131001,KENEDY COUNTY WIDE CSD,10,19:1,19:1,Other,1,Other,0,0,1,0,1,12,9,21
132902,JAYTON-GIRARD ISD,4,4:1,3:1,Frog Street-E,1,Frog Street-E,0,1,0,1,0,*,*,*
133901,CENTER POINT ISD,24,17:1,11:1,Savvas-E,1,Savvas-E,1,0,0,1,1,*,*,27
133902,HUNT ISD,17,17:1,17:1,Creative Curriculum-E,1,Creative Curriculum-E,0,0,1,0,1,6,13,19
133903,KERRVILLE ISD,19,17:1,11:1,CIRCLE-E,1,"CIRCLE-E,CIRCLE-S",1,0,0,1,1,167,"",167
133904,INGRAM ISD,18,23:1,23:1,CIRCLE-E,1,CIRCLE-E,1,0,0,1,1,74,6,80
133905,DIVIDE ISD,6,6:1,6:1,Frog Street-E,1,Frog Street-E,0,1,0,1,0,*,*,6
134901,JUNCTION ISD,21,21:1,21:1,Other,1,Other,0,1,0,1,0,44,17,61
136901,BRACKETT ISD,14,13:1,13:1,CIRCLE-E,1,"CIRCLE-E,Other",1,0,0,1,1,*,*,22
137901,KINGSVILLE ISD,20,14:1,12:1,CIRCLE-E,3,CIRCLE-E,0,3,0,3,0,83,5,88
137902,RICARDO ISD,18,18:1,18:1,Savvas-E,1,Savvas-E,1,0,0,1,1,27,25,52
137903,RIVIERA ISD,20,20:1,20:1,Frog Street-E,1,Frog Street-E,1,0,0,1,1,25,13,38
137904,SANTA GERTRUDIS ISD,19,19:1,13:1,Frog Street-E,1,Frog Street-E,0,1,0,1,0,6,12,18
138902,"KNOX CITY-O'BRIEN CISD",6,12:1,12:1,Frog Street-E,1,Frog Street-E,1,0,0,1,1,*,*,21
138903,MUNDAY CISD,14,14:1,14:1,Frog Street-E,1,Frog Street-E,0,0,1,0,1,21,10,31
138904,BENJAMIN ISD,7,7:1,7:1,Other,1,Other,1,0,0,1,1,*,*,7
139905,CHISUM ISD,13,13:1,9:1,Other,1,Other,1,0,0,1,1,35,16,51
139909,PARIS ISD,16,15:1,11:1,Frog Street-E,2,"Frog Street-E,Frog Street-S",2,0,0,2,2,288,11,299
139911,NORTH LAMAR ISD,20,16:1,16:1,Savvas-E,2,Savvas-E,1,1,0,2,1,86,34,120
139912,PRAIRILAND ISD,21,19:1,14:1,CIRCLE-E,2,CIRCLE-E,2,0,0,2,2,39,14,53
140901,AMHERST ISD,4,4:1,4:1,CIRCLE-E,1,CIRCLE-E,0,0,1,0,1,*,"",*
140904,LITTLEFIELD ISD,17,14:1,11:1,CIRCLE-E,1,CIRCLE-E,0,1,0,1,0,52,5,57
140905,OLTON ISD,10,10:1,10:1,Savvas-E,1,Savvas-E,0,1,0,1,0,13,7,20
140907,SPRINGLAKE-EARTH ISD,12,12:1,8:1,CIRCLE-E,1,CIRCLE-E,0,1,0,1,0,*,*,11
140908,SUDAN ISD,13,13:1,13:1,Other,1,Other,0,1,0,1,0,17,7,24
141901,LAMPASAS ISD,20,18:1,12:1,Frog Street-E,3,Frog Street-E,0,3,0,3,0,87,"",87
141902,LOMETA ISD,16,32:1,16:1,CIRCLE-E,1,CIRCLE-E,1,0,0,1,1,*,*,31
142901,COTULLA ISD,14,10:1,8:1,CIRCLE-E,2,CIRCLE-E,1,1,0,2,1,37,8,45
143901,HALLETTSVILLE ISD,15,15:1,15:1,Other,1,Other,0,1,0,1,0,25,15,40
143902,MOULTON ISD,14,14:1,14:1,Savvas-E,1,Savvas-E,1,0,0,1,1,19,6,25
143903,SHINER ISD,16,16:1,13:1,Other,1,Other,0,1,0,1,0,19,14,33
143904,VYSEHRAD ISD,14,14:1,9:1,Ready to Advance-E,1,Ready to Advance-E,0,1,0,1,0,*,*,14
143905,SWEET HOME ISD,14,14:1,14:1,CIRCLE-E,1,CIRCLE-E,0,1,0,1,0,*,*,13
143906,EZZELL ISD,12,12:1,8:1,Other,1,Other,0,1,0,1,0,7,5,12
144901,GIDDINGS ISD,18,17:1,17:1,Other,1,Other,0,1,0,1,0,60,"",60
144902,LEXINGTON ISD,20,20:1,20:1,CIRCLE-E,1,CIRCLE-E,0,1,0,1,0,19,14,33
144903,DIME BOX ISD,12,12:1,12:1,Frog Street-E,1,Frog Street-E,0,1,0,1,0,*,*,10
145901,BUFFALO ISD,13,13:1,13:1,Other,1,Other,1,0,0,1,1,69,19,88
145902,CENTERVILLE ISD,20,20:1,20:1,Frog Street-E,1,Frog Street-E,0,1,0,1,0,21,"",21
145906,NORMANGEE ISD,15,15:1,15:1,Frog Street-E,1,Frog Street-E,0,1,0,1,0,13,17,30
145907,OAKWOOD ISD,22,22:1,22:1,Savvas-E,1,Savvas-E,0,1,0,1,0,21,"",21
145911,LEON ISD,20,20:1,20:1,Frog Street-E,1,Frog Street-E,0,1,0,1,0,32,7,39
146901,CLEVELAND ISD,12,26:1,26:1,Ready to Advance-E,5,"Ready to Advance-E,Ready to Advance-S",1,0,4,1,5,436,8,444
146902,DAYTON ISD,23,18:1,13:1,Savvas-E,1,"Savvas-E,Savvas-S",0,1,0,1,0,164,36,200
146903,DEVERS ISD,19,19:1,19:1,Savvas-E,1,Savvas-E,0,0,1,0,1,*,*,17
146904,HARDIN ISD,13,12:1,9:1,Frog Street-E,1,Frog Street-E,0,1,0,1,0,*,*,37
146905,HULL-DAISETTA ISD,28,28:1,28:1,CIRCLE-E,1,CIRCLE-E,1,0,0,1,1,18,6,24
146906,LIBERTY ISD,22,22:1,15:1,Ready to Advance-E,1,"Ready to Advance-E,Ready to Advance-S",0,1,0,1,0,82,15,97
146907,TARKINGTON ISD,15,15:1,15:1,Savvas-E,1,Savvas-E,0,1,0,1,0,37,"",37
147901,COOLIDGE ISD,22,22:1,22:1,Frog Street-E,1,Frog Street-E,0,1,0,1,0,*,*,18
147902,GROESBECK ISD,26,24:1,24:1,CIRCLE-E,1,CIRCLE-E,0,1,0,1,0,*,*,66
147903,MEXIA ISD,20,20:1,12:1,PreK On My Way-E,1,PreK On My Way-E,0,1,0,1,0,83,11,94
148901,BOOKER ISD,23,23:1,23:1,CIRCLE-E,1,CIRCLE-E,0,1,0,1,0,12,7,19
148902,FOLLETT ISD,8,8:1,8:1,Other,1,Other,0,1,0,1,0,*,*,7
148905,DARROUZETT ISD,10,10:1,10:1,Other,1,Other,0,1,0,1,0,*,*,9
149901,GEORGE WEST ISD,19,16:1,16:1,PreK On My Way-E,1,PreK On My Way-E,0,1,0,1,0,*,*,47
149902,THREE RIVERS ISD,17,13:1,9:1,CIRCLE-E,1,CIRCLE-E,1,0,0,1,1,*,*,16
150901,LLANO ISD,21,18:1,18:1,Frog Street-E,2,Frog Street-E,0,2,0,2,0,69,20,89
152802,RISE ACADEMY,21,20:1,20:1,CIRCLE-E,1,"CIRCLE-E,Other",0,1,0,1,0,84,"",84
152901,LUBBOCK ISD,20,17:1,17:1,CIRCLE-E,29,CIRCLE-E,0,30,0,30,0,1066,178,1244
152902,NEW DEAL ISD,19,17:1,17:1,PreK On My Way-E,1,PreK On My Way-E,0,1,0,1,0,*,*,31
152903,SLATON ISD,15,14:1,14:1,CIRCLE-E,1,CIRCLE-E,0,1,0,1,0,61,14,75
152906,LUBBOCK-COOPER ISD,19,17:1,12:1,CIRCLE-E,5,CIRCLE-E,0,5,0,5,0,146,60,206
152907,FRENSHIP ISD,21,20:1,20:1,CIRCLE-E,8,"CIRCLE-E,CIRCLE-S",0,8,0,8,0,261,129,390
152908,ROOSEVELT ISD,18,18:1,18:1,Other,1,Other,0,1,0,1,0,38,8,46
152909,SHALLOWATER ISD,17,17:1,17:1,Frog Street-E,1,Frog Street-E,0,1,0,1,0,35,40,75
152910,IDALOU ISD,14,12:1,12:1,CIRCLE-E,1,"CIRCLE-E,Frog Street-E",0,1,0,1,0,*,*,35
153903,"O'DONNELL ISD",13,13:1,9:1,Savvas-E,1,Savvas-E,0,1,0,1,0,*,*,12
153904,TAHOKA ISD,17,17:1,17:1,CIRCLE-E,1,CIRCLE-E,0,1,0,1,0,25,11,36
153905,NEW HOME ISD,12,12:1,8:1,CIRCLE-E,1,CIRCLE-E,0,1,0,1,0,*,*,17
153907,WILSON ISD,7,7:1,7:1,CIRCLE-E,1,CIRCLE-E,0,1,0,1,0,5,"",5
154901,MADISONVILLE CISD,19,19:1,19:1,CIRCLE-E,1,CIRCLE-E,0,1,0,1,0,152,7,159
154903,NORTH ZULCH ISD,17,17:1,11:1,CIRCLE-E,1,CIRCLE-E,0,1,0,1,0,*,*,27
155901,JEFFERSON ISD,18,17:1,17:1,Frog Street-E,1,Frog Street-E,0,1,0,1,0,66,"",66
156902,STANTON ISD,17,14:1,14:1,Frog Street-E,1,Frog Street-E,0,1,0,1,0,*,*,38
156905,GRADY ISD,9,9:1,9:1,Frog Street-E,1,Frog Street-E,0,1,0,1,0,*,*,7
157901,MASON ISD,19,19:1,19:1,CIRCLE-E,1,CIRCLE-E,1,0,0,1,1,16,21,37
158901,BAY CITY ISD,32,19:1,14:1,PreK On My Way-E,1,"PreK On My Way-E,PreK On My Way-S",0,1,0,1,0,165,6,171
158902,TIDEHAVEN ISD,16,16:1,10:1,Savvas-E,2,Savvas-E,0,2,0,2,0,31,29,60
158904,MATAGORDA ISD,16,16:1,11:1,Frog Street-E,1,Frog Street-E,0,1,0,1,0,*,*,14
158905,PALACIOS ISD,21,15:1,10:1,PreK On My Way-E,1,"PreK On My Way-E,PreK On My Way-S",0,1,0,1,0,62,10,72
158906,VAN VLECK ISD,19,19:1,13:1,Frog Street-E,1,Frog Street-E,0,1,0,1,0,12,6,18
159901,EAGLE PASS ISD,22,19:1,19:1,Savvas-E,5,Savvas-E,0,5,0,5,0,432,"",432
160901,BRADY ISD,21,21:1,21:1,Frog Street-E,1,Frog Street-E,1,0,0,1,1,*,*,59
160904,ROCHELLE ISD,17,17:1,17:1,Other,1,Other,0,1,0,1,0,6,8,14
160905,LOHN ISD,6,6:1,6:1,CIRCLE-E,1,CIRCLE-E,0,1,0,1,0,5,"",5
161801,WACO CHARTER SCHOOL,21,21:1,21:1,Creative Curriculum-E,1,Creative Curriculum-E,0,1,0,1,0,20,"",20
161802,RAPOPORT ACADEMY PUBLIC SCHOOL,17,17:1,17:1,Creative Curriculum-E,1,Creative Curriculum-E,0,1,0,1,0,59,5,64
161807,HARMONY PUBLIC SCHOOLS - NORTH TEXA,23,15:1,15:1,Savvas-E,5,Savvas-E,0,5,0,5,0,225,"",225
161903,MIDWAY ISD,20,20:1,20:1,Frog Street-E,6,Frog Street-E,0,6,0,6,0,154,21,175
161906,LA VEGA ISD,22,23:1,15:1,CIRCLE-E,1,CIRCLE-E,1,0,0,1,1,237,10,247
161907,LORENA ISD,18,14:1,14:1,Other,1,Other,0,1,0,1,0,37,17,54
161908,MART ISD,19,19:1,19:1,Frog Street-E,1,Frog Street-E,0,1,0,1,0,23,14,37
161909,MCGREGOR ISD,20,26:1,26:1,Other,1,Other,1,0,0,1,1,44,24,68
161910,MOODY ISD,11,14:1,14:1,Frog Street-E,1,Frog Street-E,1,0,0,1,1,30,10,40
161912,RIESEL ISD,25,25:1,25:1,Frog Street-E,1,Frog Street-E,0,1,0,1,0,14,10,24
161914,WACO ISD,17,16:1,16:1,Frog Street-E,15,Frog Street-E,0,15,0,15,0,794,39,833
161916,WEST ISD,16,14:1,14:1,Frog Street-E,1,Frog Street-E,0,1,0,1,0,30,17,47
161918,AXTELL ISD,13,11:1,11:1,Savvas-E,1,Savvas-E,0,1,0,1,0,17,26,43
161920,CHINA SPRING ISD,11,11:1,11:1,Frog Street-E,1,Frog Street-E,0,1,0,1,0,41,7,48
161921,CONNALLY ISD,17,17:1,11:1,Savvas-E,1,Savvas-E,0,1,0,1,0,107,5,112
161922,ROBINSON ISD,17,18:1,18:1,Savvas-E,1,Savvas-E,0,1,0,1,0,38,8,46
161923,BOSQUEVILLE ISD,13,10:1,10:1,Frog Street-E,1,Frog Street-E,0,1,0,1,0,20,12,32
161924,HALLSBURG ISD,16,16:1,16:1,Frog Street-E,1,Frog Street-E,0,1,0,1,0,8,8,16
161925,GHOLSON ISD,15,15:1,15:1,Frog Street-E,1,Frog Street-E,0,1,0,1,0,*,*,16
162904,MCMULLEN COUNTY ISD,15,15:1,15:1,PreK On My Way-E,1,PreK On My Way-E,0,1,0,1,0,6,6,12
163901,DEVINE ISD,16,15:1,10:1,Creative Curriculum-E,1,"Creative Curriculum-E,Frog Street-E",0,1,0,1,0,87,"",87
163902,"D'HANIS ISD",5,5:1,5:1,Other,1,Other,1,0,0,1,1,*,*,5
163903,NATALIA ISD,18,14:1,9:1,Frog Street-E,1,Frog Street-E,0,1,0,1,0,53,23,76
163904,HONDO ISD,20,20:1,20:1,Frog Street-E,1,Frog Street-E,0,1,0,1,0,61,"",61
163908,MEDINA VALLEY ISD,22,18:1,14:1,Frog Street-E,5,"Frog Street-E,Frog Street-S",0,5,0,5,0,186,"",186
164901,MENARD ISD,18,18:1,18:1,Other,1,Other,0,1,0,1,0,*,*,14
165901,MIDLAND ISD,21,16:1,12:1,Savvas-E,22,"Savvas-E,Savvas-S",0,23,0,23,0,848,72,920
165902,GREENWOOD ISD,21,21:1,21:1,CIRCLE-E,1,CIRCLE-E,0,1,0,1,0,56,13,69
166901,CAMERON ISD,20,16:1,16:1,CIRCLE-E,1,CIRCLE-E,1,0,0,1,1,79,21,100
166902,GAUSE ISD,11,11:1,11:1,CIRCLE-E,1,CIRCLE-E,0,1,0,1,0,*,*,11
166903,MILANO ISD,14,13:1,13:1,Frog Street-E,1,Frog Street-E,0,1,0,1,0,13,14,27
166904,ROCKDALE ISD,17,16:1,13:1,Frog Street-E,1,Frog Street-E,0,1,0,1,0,35,7,42
166905,THORNDALE ISD,9,9:1,9:1,PreK On My Way-E,1,PreK On My Way-E,1,0,0,1,1,*,*,13
166907,BUCKHOLTS ISD,5,5:1,5:1,CIRCLE-E,1,CIRCLE-E,0,1,0,1,0,*,"",*
167901,GOLDTHWAITE ISD,9,17:1,17:1,Frog Street-E,1,Frog Street-E,0,1,0,1,0,*,*,16
167902,MULLIN ISD,4,4:1,4:1,Other,1,Other,0,1,0,1,0,*,"",*
167904,PRIDDY ISD,7,13:1,13:1,Frog Street-E,1,Frog Street-E,1,0,0,1,1,8,7,15
168901,COLORADO ISD,23,22:1,22:1,Other,1,Other,0,1,0,1,0,59,17,76
168902,LORAINE ISD,12,12:1,12:1,Other,1,Other,0,1,0,1,0,*,*,12
168903,WESTBROOK ISD,13,7:1,7:1,CIRCLE-E,1,CIRCLE-E,0,1,0,1,0,*,*,12
169901,BOWIE ISD,15,13:1,13:1,Frog Street-E,1,"Frog Street-E,Ready to Advance-E",0,1,0,1,0,70,5,75
169902,NOCONA ISD,13,17:1,12:1,Frog Street-E,1,"Frog Street-E,PreK On My Way-E",1,0,0,1,1,36,13,49
169906,GOLD BURG ISD,9,9:1,6:1,CIRCLE-E,1,CIRCLE-E,1,0,0,1,1,*,*,10
169908,MONTAGUE ISD,13,13:1,13:1,Ready to Advance-E,1,Ready to Advance-E,1,0,0,1,1,5,8,13
169909,PRAIRIE VALLEY ISD,7,7:1,7:1,Creative Curriculum-E,1,Creative Curriculum-E,1,0,0,1,1,*,*,6
169910,FORESTBURG ISD,8,8:1,8:1,Frog Street-E,1,Frog Street-E,0,0,1,0,1,*,*,8
169911,SAINT JO ISD,10,16:1,8:1,Frog Street-E,1,Frog Street-E,0,0,1,0,1,13,19,32
170902,CONROE ISD,21,17:1,17:1,Ready to Advance-E,24,"Ready to Advance-E,Ready to Advance-S",0,25,0,25,0,1699,11,1710
170903,MONTGOMERY ISD,16,16:1,15:1,Other,6,Other,0,6,0,6,0,99,59,158
170904,WILLIS ISD,23,20:1,20:1,PreK On My Way-E,1,"PreK On My Way-E,PreK On My Way-S",1,0,0,1,1,209,"",209
170906,MAGNOLIA ISD,18,15:1,15:1,Frog Street-E,8,"Frog Street-E,Frog Street-S",0,8,0,8,0,323,42,365
170907,SPLENDORA ISD,21,19:1,17:1,Ready to Advance-E,4,Ready to Advance-E,0,4,0,4,0,177,20,197
170908,NEW CANEY ISD,17,17:1,17:1,PreK On My Way-E,11,PreK On My Way-E,2,5,4,7,6,*,*,624
171901,DUMAS ISD,19,17:1,17:1,CIRCLE-E,4,CIRCLE-E,0,4,0,4,0,162,"",162
171902,SUNRAY COLLEGIATE ISD,17,17:1,17:1,Other,1,Other,1,0,0,1,1,20,34,54
172902,DAINGERFIELD-LONE STAR ISD,12,26:1,26:1,CIRCLE-E,1,CIRCLE-E,1,0,0,1,1,*,*,50
172905,PEWITT CISD,19,19:1,12:1,CIRCLE-E,1,CIRCLE-E,1,0,0,1,1,43,6,49
173901,MOTLEY COUNTY ISD,6,6:1,4:1,Other,1,Other,0,1,0,1,0,6,9,15
174901,CHIRENO ISD,16,16:1,16:1,PreK On My Way-E,1,PreK On My Way-E,0,1,0,1,0,*,*,16
174902,CUSHING ISD,11,11:1,7:1,Frog Street-E,1,Frog Street-E,1,0,0,1,1,11,7,18
174903,GARRISON ISD,20,19:1,19:1,Other,1,Other,0,0,1,0,1,22,15,37
174904,NACOGDOCHES ISD,20,10:1,10:1,Ready to Advance-E,4,Ready to Advance-E,0,4,0,4,0,220,6,226
174906,WODEN ISD,15,15:1,15:1,Frog Street-E,1,Frog Street-E,0,1,0,1,0,39,20,59
174908,CENTRAL HEIGHTS ISD,15,15:1,15:1,CIRCLE-E,1,CIRCLE-E,0,1,0,1,0,19,9,28
174909,MARTINSVILLE ISD,21,21:1,14:1,Savvas-E,1,Savvas-E,0,1,0,1,0,13,7,20
174910,ETOILE ISD,15,15:1,10:1,Savvas-E,1,Savvas-E,0,1,0,1,0,14,"",14
174911,DOUGLASS ISD,14,14:1,9:1,CIRCLE-E,1,CIRCLE-E,1,0,0,1,1,8,5,13
175902,BLOOMING GROVE ISD,24,24:1,16:1,CIRCLE-E,1,CIRCLE-E,0,1,0,1,0,35,11,46
175903,CORSICANA ISD,21,16:1,16:1,Other,2,Other,0,2,0,2,0,184,7,191
175904,DAWSON ISD,16,16:1,16:1,Other,1,Other,0,1,0,1,0,26,7,33
175905,FROST ISD,12,11:1,11:1,Other,1,Other,0,1,0,1,0,13,7,20
175907,KERENS ISD,14,14:1,14:1,CIRCLE-E,1,CIRCLE-E,0,1,0,1,0,*,*,23
175911,RICE ISD,24,24:1,24:1,CIRCLE-E,1,CIRCLE-E,0,1,0,1,0,*,*,48
176901,BURKEVILLE ISD,9,9:1,9:1,Frog Street-E,1,Frog Street-E,0,1,0,1,0,9,"",9
176902,NEWTON ISD,15,14:1,14:1,PreK On My Way-E,1,PreK On My Way-E,0,1,0,1,0,26,6,32
176903,DEWEYVILLE ISD,26,26:1,26:1,CIRCLE-E,1,CIRCLE-E,0,1,0,1,0,17,10,27
177901,ROSCOE COLLEGIATE ISD,10,15:1,15:1,Other,1,Other,0,1,0,1,0,28,26,54
177902,SWEETWATER ISD,19,16:1,16:1,CIRCLE-E,1,CIRCLE-E,0,1,0,1,0,117,24,141
177903,BLACKWELL CISD,5,5:1,5:1,CIRCLE-E,1,CIRCLE-E,0,1,0,1,0,*,*,*
177905,HIGHLAND ISD,10,10:1,10:1,Savvas-E,1,Savvas-E,0,1,0,1,0,*,*,6
178801,DR M L GARZA-GONZALEZ CHARTER SCHOO,9,9:1,9:1,CIRCLE-E,1,CIRCLE-E,0,1,0,1,0,9,"",9
178901,AGUA DULCE ISD,14,14:1,14:1,Other,1,Other,0,1,0,1,0,*,*,13
178902,BISHOP CISD,17,14:1,14:1,CIRCLE-E,2,CIRCLE-E,2,0,0,2,2,*,*,40
178903,CALALLEN ISD,15,23:1,16:1,CIRCLE-E,2,CIRCLE-E,0,0,2,0,2,*,*,63
178904,CORPUS CHRISTI ISD,20,14:1,14:1,Savvas-E,33,Savvas-E,9,24,0,33,9,968,11,979
178905,DRISCOLL ISD,12,12:1,12:1,Frog Street-E,1,Frog Street-E,0,1,0,1,0,*,*,23
178906,LONDON ISD,17,17:1,17:1,CIRCLE-E,1,CIRCLE-E,1,0,0,1,1,8,26,34
178908,PORT ARANSAS ISD,5,26:1,16:1,Other,1,Other,1,0,0,1,1,10,13,23
178909,ROBSTOWN ISD,13,21:1,13:1,CIRCLE-E,3,CIRCLE-E,0,3,0,3,0,150,10,160
178912,TULOSO-MIDWAY ISD,19,18:1,13:1,PreK On My Way-E,1,PreK On My Way-E,0,1,0,1,0,93,"",93
178913,BANQUETE ISD,13,9:1,9:1,CIRCLE-E,1,"CIRCLE-E,Other",1,0,0,1,1,*,*,23
178914,FLOUR BLUFF ISD,19,22:1,13:1,InvestiGator Club,1,InvestiGator Club,0,1,0,1,0,*,*,134
178915,WEST OSO ISD,16,10:1,10:1,CIRCLE-E,1,CIRCLE-E,0,1,0,1,0,74,"",74
179901,PERRYTON ISD,15,13:1,13:1,Savvas-E,1,"Savvas-E,Savvas-S",0,0,1,0,1,*,*,74
180902,VEGA ISD,8,16:1,16:1,Other,1,Other,0,1,0,1,0,*,*,15
180903,ADRIAN ISD,5,5:1,5:1,Other,1,Other,0,1,0,1,0,*,"",*
180904,WILDORADO ISD,15,15:1,15:1,Other,1,Other,0,1,0,1,0,*,*,13
181901,BRIDGE CITY ISD,18,16:1,12:1,Savvas-E,1,Savvas-E,0,1,0,1,0,60,10,70
181905,ORANGEFIELD ISD,18,18:1,18:1,Frog Street-E,1,Frog Street-E,1,0,0,1,1,28,5,33
181906,WEST ORANGE-COVE CISD,19,19:1,19:1,CIRCLE-E,1,"CIRCLE-E,Frog Street-S",0,1,0,1,0,*,*,301
181907,VIDOR ISD,16,17:1,17:1,PreK On My Way-E,3,PreK On My Way-E,0,3,0,3,0,*,*,128
181908,LITTLE CYPRESS-MAURICEVILLE CISD,17,18:1,14:1,Savvas-E,2,Savvas-E,0,2,0,2,0,74,6,80
182901,GORDON ISD,16,16:1,16:1,Frog Street-E,1,Frog Street-E,0,1,0,1,0,7,8,15
182902,GRAFORD ISD,17,17:1,17:1,CIRCLE-E,1,CIRCLE-E,0,1,0,1,0,*,*,16
182903,MINERAL WELLS ISD,22,20:1,15:1,CIRCLE-E,1,"CIRCLE-E,CIRCLE-S",0,1,0,1,0,135,57,192
182904,SANTO ISD,18,18:1,12:1,Other,1,Other,0,1,0,1,0,9,24,33
182905,STRAWN ISD,19,19:1,19:1,Other,1,Other,0,1,0,1,0,9,8,17
182906,PALO PINTO ISD,12,12:1,12:1,Frog Street-E,1,Frog Street-E,0,1,0,1,0,*,*,9
183901,BECKVILLE ISD,18,18:1,18:1,CIRCLE-E,1,CIRCLE-E,1,0,0,1,1,*,*,33
183902,CARTHAGE ISD,21,21:1,21:1,Savvas-E,1,Savvas-E,0,1,0,1,0,79,35,114
183904,GARY ISD,21,15:1,12:1,Frog Street-E,1,Frog Street-E,0,1,0,1,0,*,*,27
184901,POOLVILLE ISD,9,17:1,17:1,Other,1,Other,1,0,0,1,1,34,13,47
184902,SPRINGTOWN ISD,17,14:1,9:1,CIRCLE-E,2,"CIRCLE-E,CIRCLE-S",0,2,0,2,0,*,*,87
184903,WEATHERFORD ISD,16,16:1,10:1,PreK On My Way-E,2,"PreK On My Way-E,PreK On My Way-S",0,2,0,2,0,*,*,151
184904,MILLSAP ISD,20,19:1,12:1,Ready to Advance-E,1,Ready to Advance-E,0,1,0,1,0,38,18,56
184907,ALEDO ISD,18,17:1,15:1,CIRCLE-E,1,CIRCLE-E,0,1,0,1,0,51,"",51
184908,PEASTER ISD,13,13:1,11:1,CIRCLE-E,1,CIRCLE-E,1,0,0,1,1,*,*,22
184909,BROCK ISD,10,10:1,6:1,Other,1,Other,0,1,0,1,0,12,8,20
184911,GARNER ISD,20,20:1,13:1,Frog Street-E,1,Frog Street-E,0,1,0,1,0,*,*,17
185901,BOVINA ISD,12,14:1,14:1,Frog Street-E,1,Frog Street-E,0,1,0,1,0,*,*,27
185902,FARWELL ISD,16,16:1,16:1,Frog Street-E,1,Frog Street-E,0,1,0,1,0,*,*,28
185903,FRIONA ISD,17,17:1,17:1,Frog Street-E,1,"Frog Street-E,Frog Street-S",1,0,0,1,1,52,14,66
185904,LAZBUDDIE ISD,11,11:1,11:1,Other,1,Other,0,1,0,1,0,*,*,10
186901,BUENA VISTA ISD,9,9:1,9:1,Other,1,Other,1,0,0,1,1,*,*,9
186902,FORT STOCKTON ISD,12,12:1,12:1,Frog Street-E,1,Frog Street-E,0,1,0,1,0,20,"",20
186903,IRAAN-SHEFFIELD ISD,13,13:1,13:1,CIRCLE-E,1,CIRCLE-E,0,1,0,1,0,10,9,19
187901,BIG SANDY ISD,15,15:1,15:1,CIRCLE-E,1,"CIRCLE-E,Other",0,1,0,1,0,15,6,21
187903,GOODRICH ISD,13,13:1,13:1,Frog Street-E,1,Frog Street-E,0,1,0,1,0,*,*,14
187904,CORRIGAN-CAMDEN ISD,19,14:1,12:1,Other,1,Other,0,1,0,1,0,44,8,52
187906,LEGGETT ISD,11,11:1,11:1,CIRCLE-E,1,CIRCLE-E,0,1,0,1,0,*,*,15
187907,LIVINGSTON ISD,20,18:1,18:1,CIRCLE-E,1,CIRCLE-E,0,1,0,1,0,128,13,141
187910,ONALASKA ISD,21,19:1,19:1,CIRCLE-E,1,CIRCLE-E,0,1,0,1,0,55,14,69
188901,AMARILLO ISD,17,17:1,13:1,Savvas-E,35,"Savvas-E,Savvas-S,Other",13,22,0,35,13,1541,135,1676
188902,RIVER ROAD ISD,17,17:1,17:1,CIRCLE-E,1,CIRCLE-E,1,0,0,1,1,55,8,63
188903,HIGHLAND PARK ISD,21,21:1,21:1,Frog Street-E,1,Frog Street-E,1,0,0,1,1,22,15,37
188904,BUSHLAND ISD,14,14:1,14:1,CIRCLE-E,1,CIRCLE-E,0,1,0,1,0,7,14,21
189901,MARFA ISD,,,,,,,0,1,0,1,0,19,"",19
189902,PRESIDIO ISD,25,16:1,16:1,Frog Street-E,1,Frog Street-E,0,1,0,1,0,39,6,45
190903,RAINS ISD,22,22:1,14:1,CIRCLE-E,1,CIRCLE-E,0,1,0,1,0,63,15,78
191901,CANYON ISD,22,17:1,17:1,Savvas-E,7,Savvas-E,0,7,0,7,0,*,*,181
192901,REAGAN COUNTY ISD,22,22:1,15:1,Frog Street-E,1,Frog Street-E,0,1,0,1,0,40,18,58
193902,LEAKEY ISD,15,29:1,29:1,CIRCLE-E,1,CIRCLE-E,1,0,0,1,1,*,*,29
194902,AVERY ISD,12,12:1,10:1,CIRCLE-E,1,CIRCLE-E,1,0,0,1,1,16,8,24
194903,RIVERCREST ISD,17,17:1,11:1,CIRCLE-E,1,CIRCLE-E,1,0,0,1,1,26,7,33
194904,CLARKSVILLE ISD,16,16:1,16:1,Frog Street-E,1,Frog Street-E,0,1,0,1,0,54,"",54
194905,DETROIT ISD,20,20:1,20:1,Frog Street-E,1,Frog Street-E,0,1,0,1,0,37,"",37
195901,PECOS-BARSTOW-TOYAH ISD,21,19:1,19:1,Frog Street-E,1,Frog Street-E,0,0,1,0,1,86,36,122
195902,BALMORHEA ISD,,,,,,,0,1,0,1,0,6,"",6
196901,AUSTWELL-TIVOLI ISD,5,5:1,5:1,CIRCLE-E,1,CIRCLE-E,0,1,0,1,0,*,*,5
196902,WOODSBORO ISD,18,18:1,18:1,Frog Street-E,1,Frog Street-E,0,1,0,1,0,*,*,19
196903,REFUGIO ISD,13,12:1,12:1,CIRCLE-E,1,CIRCLE-E,0,1,0,1,0,*,*,20
197902,MIAMI ISD,16,16:1,16:1,Other,1,Other,0,1,0,1,0,6,8,14
198901,BREMOND ISD,22,22:1,22:1,Frog Street-E,1,Frog Street-E,0,1,0,1,0,10,12,22
198902,CALVERT ISD,8,8:1,8:1,CIRCLE-E,1,CIRCLE-E,0,1,0,1,0,13,"",13
198903,FRANKLIN ISD,14,12:1,12:1,Frog Street-E,1,Frog Street-E,0,1,0,1,0,36,47,83
198905,HEARNE ISD,21,15:1,15:1,CIRCLE-E,1,CIRCLE-E,0,1,0,1,0,*,*,42
198906,MUMFORD ISD,20,20:1,20:1,CIRCLE-E,1,CIRCLE-E,0,1,0,1,0,56,10,66
199901,ROCKWALL ISD,21,14:1,10:1,Savvas-E,13,"Savvas-E,Savvas-S",1,13,0,14,1,317,106,423
199902,ROYSE CITY ISD,12,12:1,7:1,Frog Street-E,6,"Frog Street-E,Frog Street-S",0,6,0,6,0,*,*,178
200901,BALLINGER ISD,14,16:1,16:1,CIRCLE-E,1,CIRCLE-E,0,1,0,1,0,33,7,40
200902,MILES ISD,16,16:1,16:1,Savvas-E,1,Savvas-E,0,1,0,1,0,11,"",11
200904,WINTERS ISD,14,15:1,9:1,Savvas-E,1,Savvas-E,0,1,0,1,0,35,6,41
200906,OLFEN ISD,6,6:1,6:1,Other,1,Other,1,0,0,1,1,5,"",5
201902,HENDERSON ISD,20,19:1,19:1,CIRCLE-E,1,CIRCLE-E,0,1,0,1,0,154,14,168
201903,LANEVILLE ISD,13,13:1,9:1,Savvas-E,1,Savvas-E,1,0,0,1,1,*,*,13
201904,LEVERETTS CHAPEL ISD,12,12:1,12:1,Other,1,Other,0,1,0,1,0,*,*,13
201907,MOUNT ENTERPRISE ISD,18,16:1,11:1,Frog Street-E,1,Frog Street-E,1,0,0,1,1,23,7,30
201908,OVERTON ISD,16,16:1,16:1,Frog Street-E,1,Frog Street-E,0,1,0,1,0,23,7,30
201910,TATUM ISD,19,19:1,19:1,Other,1,Other,0,1,0,1,0,*,*,35
201913,CARLISLE ISD,17,14:1,10:1,Ready to Advance-E,1,Ready to Advance-E,1,0,0,1,1,*,*,41
201914,WEST RUSK COUNTY CONSOLIDATED ISD,20,20:1,20:1,CIRCLE-E,1,CIRCLE-E,0,0,1,0,1,*,*,37
202903,HEMPHILL ISD,14,14:1,13:1,CIRCLE-E,1,CIRCLE-E,0,1,0,1,0,28,25,53
202905,WEST SABINE ISD,17,17:1,17:1,CIRCLE-E,1,CIRCLE-E,1,0,0,1,1,20,10,30
203901,SAN AUGUSTINE ISD,15,15:1,15:1,CIRCLE-E,1,CIRCLE-E,0,1,0,1,0,34,9,43
203902,BROADDUS ISD,23,23:1,15:1,Frog Street-E,1,Frog Street-E,0,1,0,1,0,15,6,21
204901,COLDSPRING-OAKHURST CISD,20,20:1,20:1,CIRCLE-E,1,CIRCLE-E,1,0,0,1,1,60,27,87
204904,SHEPHERD ISD,29,28:1,28:1,Creative Curriculum-E,1,"Creative Curriculum-E,Creative Curriculum-S",0,1,0,1,0,83,17,100
205901,ARANSAS PASS ISD,15,12:1,12:1,CIRCLE-E,1,CIRCLE-E,0,1,0,1,0,*,*,60
205902,GREGORY-PORTLAND ISD,21,19:1,19:1,CIRCLE-E,4,CIRCLE-E,0,4,0,4,0,126,"",126
205903,INGLESIDE ISD,19,16:1,16:1,CIRCLE-E,1,CIRCLE-E,0,1,0,1,0,58,21,79
205904,MATHIS ISD,16,16:1,16:1,CIRCLE-E,1,CIRCLE-E,0,1,0,1,0,47,11,58
205905,ODEM-EDROY ISD,16,16:1,16:1,Frog Street-E,1,Frog Street-E,1,0,0,1,1,24,5,29
205906,SINTON ISD,16,13:1,13:1,Frog Street-E,1,Frog Street-E,0,1,0,1,0,69,28,97
205907,TAFT ISD,28,28:1,28:1,Frog Street-E,1,Frog Street-E,0,1,0,1,0,*,*,25
206901,SAN SABA ISD,19,17:1,11:1,CIRCLE-E,1,CIRCLE-E,1,0,0,1,1,37,10,47
207901,SCHLEICHER ISD,17,17:1,17:1,CIRCLE-E,1,CIRCLE-E,0,1,0,1,0,10,8,18
208901,HERMLEIGH ISD,14,14:1,14:1,CIRCLE-E,1,CIRCLE-E,0,1,0,1,0,5,9,14
208902,SNYDER ISD,19,13:1,13:1,CIRCLE-E,1,CIRCLE-E,0,1,0,1,0,99,9,108
209901,ALBANY ISD,15,15:1,15:1,CIRCLE-E,1,CIRCLE-E,0,1,0,1,0,28,"",28
209902,MORAN ISD,10,5:1,5:1,Frog Street-E,1,Frog Street-E,0,1,0,1,0,10,"",10
210901,CENTER ISD,22,19:1,19:1,Frog Street-E,1,"Frog Street-E,Frog Street-S",1,0,0,1,1,183,32,215
210902,JOAQUIN ISD,21,21:1,14:1,CIRCLE-E,1,CIRCLE-E,0,1,0,1,0,30,8,38
210903,SHELBYVILLE ISD,21,21:1,14:1,Frog Street-E,1,Frog Street-E,0,1,0,1,0,28,9,37
210904,TENAHA ISD,25,25:1,17:1,CIRCLE-E,1,CIRCLE-E,1,0,0,1,1,*,*,39
210905,TIMPSON ISD,15,15:1,15:1,Frog Street-E,1,Frog Street-E,0,1,0,1,0,15,12,27
210906,EXCELSIOR ISD,5,5:1,3:1,CIRCLE-E,1,CIRCLE-E,0,1,0,1,0,*,"",*
211901,TEXHOMA ISD,24,24:1,24:1,Frog Street-E,1,Frog Street-E,0,1,0,1,0,5,16,21
211902,STRATFORD ISD,22,21:1,21:1,CIRCLE-E,1,CIRCLE-E,0,0,1,0,1,24,14,38
212801,CUMBERLAND ACADEMY,13,13:1,13:1,Frog Street-E,1,Frog Street-E,0,1,0,1,0,*,*,13
212901,ARP ISD,18,18:1,12:1,Frog Street-E,1,Frog Street-E,0,1,0,1,0,21,10,31
212902,BULLARD ISD,18,18:1,18:1,Ready to Advance-E,1,Ready to Advance-E,0,1,0,1,0,38,55,93
212903,LINDALE ISD,19,15:1,15:1,CIRCLE-E,1,"CIRCLE-E,Other",0,1,0,1,0,101,"",101
212904,TROUP ISD,18,10:1,10:1,Other,1,Other,0,1,0,1,0,19,14,33
212905,TYLER ISD,21,19:1,19:1,PreK On My Way-E,15,"PreK On My Way-E,PreK On My Way-S",0,16,0,16,0,568,109,677
212906,WHITEHOUSE ISD,21,21:1,16:1,Creative Curriculum-E,4,Creative Curriculum-E,0,4,0,4,0,113,"",113
212909,CHAPEL HILL ISD,18,15:1,11:1,CIRCLE-E,2,"CIRCLE-E,CIRCLE-S",0,2,0,2,0,*,*,157
212910,WINONA ISD,20,20:1,20:1,Frog Street-E,1,Frog Street-E,0,1,0,1,0,*,*,69
213901,GLEN ROSE ISD,17,16:1,13:1,CIRCLE-E,1,CIRCLE-E,0,1,0,1,0,59,"",59
214901,RIO GRANDE CITY GRULLA ISD,17,13:1,13:1,Savvas-E,9,Savvas-E,0,9,0,9,0,569,"",569
214902,SAN ISIDRO ISD,9,9:1,6:1,CIRCLE-E,1,CIRCLE-E,1,0,0,1,1,*,*,8
214903,ROMA ISD,19,18:1,18:1,CIRCLE-E,6,CIRCLE-E,0,6,0,6,0,*,*,254
215901,BRECKENRIDGE ISD,19,15:1,10:1,Other,1,Other,0,1,0,1,0,68,"",68
216901,STERLING CITY ISD,16,16:1,16:1,Other,1,Other,0,1,0,1,0,9,6,15
217901,ASPERMONT ISD,10,10:1,10:1,Other,1,Other,0,1,0,1,0,5,5,10
218901,SONORA ISD,13,9:1,13:1,Other,1,Other,0,1,0,1,0,*,*,25
219901,HAPPY ISD,13,13:1,13:1,Frog Street-E,1,Frog Street-E,0,1,0,1,0,*,*,12
219903,TULIA ISD,14,13:1,13:1,Ready to Advance-E,1,Ready to Advance-E,0,1,0,1,0,37,"",37
219905,KRESS ISD,11,11:1,11:1,Savvas-E,1,Savvas-E,0,1,0,1,0,5,5,10
220811,EAST FORT WORTH MONTESSORI ACADEMY,8,6:1,6:1,Other,1,Other,0,1,0,1,0,26,"",26
220815,CHAPEL HILL ACADEMY,25,17:1,11:1,CIRCLE-E,1,CIRCLE-E,0,1,0,1,0,59,"",59
220817,NEWMAN INTERNATIONAL ACADEMY OF ARL,20,29:1,24:1,CIRCLE-E,4,CIRCLE-E,1,3,0,4,1,254,28,282
220901,ARLINGTON ISD,15,20:1,20:1,Other,50,Other,22,28,0,50,22,2985,245,3230
220902,BIRDVILLE ISD,23,20:1,19:1,PreK On My Way-E,16,"PreK On My Way-E,PreK On My Way-S",1,16,0,17,1,619,"",619
220904,EVERMAN ISD,18,16:1,16:1,Frog Street-E,1,"Frog Street-E,Frog Street-S",0,1,0,1,0,249,"",249
220905,FORT WORTH ISD,21,18:1,18:1,Frog Street-E,43,"Frog Street-E,Creative Curriculum-E,Frog Street-S,Creative Curriculum-S",0,78,0,78,0,3907,507,4414
220906,GRAPEVINE-COLLEYVILLE ISD,22,20:1,20:1,CIRCLE-E,9,"CIRCLE-E,CIRCLE-S",0,9,0,9,0,217,163,380
220907,KELLER ISD,21,15:1,15:1,Creative Curriculum-E,11,"Creative Curriculum-E,Creative Curriculum-S",0,11,0,11,0,560,87,647
220908,MANSFIELD ISD,21,26:1,17:1,CIRCLE-E,13,"CIRCLE-E,CIRCLE-S",1,8,4,9,5,696,95,791
220910,LAKE WORTH ISD,17,16:1,11:1,PreK On My Way-E,1,PreK On My Way-E,0,1,0,1,0,*,*,225
220912,CROWLEY ISD,20,20:1,14:1,Frog Street-E,15,"Frog Street-E,Frog Street-S",7,8,0,15,7,932,85,1017
220914,KENNEDALE ISD,18,18:1,12:1,Creative Curriculum-E,1,"Creative Curriculum-E,Creative Curriculum-S",0,1,0,1,0,83,"",83
220915,AZLE ISD,15,15:1,9:1,Other,1,Other,0,1,0,1,0,149,"",149
220916,HURST-EULESS-BEDFORD ISD,24,26:1,18:1,Other,18,Other,0,14,4,14,4,603,83,686
220917,CASTLEBERRY ISD,22,20:1,20:1,Frog Street-E,3,"Frog Street-E,Frog Street-S",0,3,0,3,0,180,31,211
220918,EAGLE MT-SAGINAW ISD,21,24:1,16:1,CIRCLE-E,7,CIRCLE-E,0,6,1,6,1,561,"",561
220919,CARROLL ISD,14,13:1,13:1,Frog Street-E,3,Frog Street-E,0,3,0,3,0,70,110,180
220920,WHITE SETTLEMENT ISD,29,25:1,25:1,Frog Street-E,1,"Frog Street-E,Frog Street-S",0,1,0,1,0,172,34,206
221801,TEXAS COLLEGE PREPARATORY ACADEMIES,14,15:1,13:1,Frog Street-E,9,"Frog Street-E,Creative Curriculum-E",0,10,0,10,0,*,*,354
221901,ABILENE ISD,23,21:1,21:1,PreK On My Way-E,2,PreK On My Way-E,1,1,0,2,1,748,27,775
221904,MERKEL ISD,20,20:1,20:1,CIRCLE-E,1,CIRCLE-E,0,1,0,1,0,55,11,66
221905,TRENT ISD,10,10:1,10:1,CIRCLE-E,1,CIRCLE-E,0,1,0,1,0,*,*,9
221911,JIM NED CISD,18,18:1,18:1,Savvas-E,2,Savvas-E,0,2,0,2,0,*,*,35
221912,WYLIE ISD,15,15:1,15:1,Savvas-E,1,Savvas-E,1,0,0,1,1,127,17,144
222901,TERRELL COUNTY ISD,10,10:1,10:1,Frog Street-E,1,Frog Street-E,0,0,1,0,1,*,*,10
223901,BROWNFIELD ISD,19,16:1,11:1,Savvas-E,1,Savvas-E,0,1,0,1,0,123,11,134
223902,MEADOW ISD,18,18:1,18:1,Frog Street-E,1,Frog Street-E,0,1,0,1,0,11,6,17
223904,WELLMAN-UNION CISD,10,10:1,10:1,Other,1,Other,0,1,0,1,0,10,10,20
224901,THROCKMORTON COLLEGIATE ISD,12,12:1,8:1,CIRCLE-E,1,CIRCLE-E,0,1,0,1,0,6,9,15
224902,WOODSON ISD,7,7:1,7:1,Savvas-E,1,Savvas-E,1,0,0,1,1,*,*,7
225902,MOUNT PLEASANT ISD,18,18:1,10:1,Savvas-E,1,Savvas-E,0,1,0,1,0,*,*,361
225906,CHAPEL HILL ISD,22,22:1,22:1,CIRCLE-E,1,CIRCLE-E,0,1,0,1,0,26,16,42
225907,HARTS BLUFF ISD,14,14:1,14:1,CIRCLE-E,1,"CIRCLE-E,CIRCLE-S",0,1,0,1,0,29,11,40
226901,CHRISTOVAL ISD,20,10:1,10:1,Frog Street-E,1,Frog Street-E,0,1,0,1,0,20,"",20
226903,SAN ANGELO ISD,18,18:1,18:1,PreK On My Way-E,8,PreK On My Way-E,0,8,0,8,0,270,"",270
226907,GRAPE CREEK ISD,13,13:1,13:1,Frog Street-E,1,Frog Street-E,0,1,0,1,0,31,"",31
226908,VERIBEST ISD,23,23:1,23:1,Frog Street-E,1,Frog Street-E,0,1,0,1,0,9,14,23
227803,WAYSIDE SCHOOLS,21,17:1,17:1,Frog Street-E,3,Frog Street-E,0,3,0,3,0,112,"",112
227804,NYOS CHARTER SCHOOL,19,25:1,17:1,Other,1,Other,1,0,0,1,1,62,8,70
227805,TEXAS EMPOWERMENT ACADEMY,19,31:1,31:1,Frog Street-E,1,Frog Street-E,0,1,0,1,0,*,*,52
227816,HARMONY PUBLIC SCHOOLS - CENTRAL TE,23,22:1,18:1,Savvas-E,5,Savvas-E,0,5,0,5,0,*,*,177
227817,CEDARS INTERNATIONAL ACADEMY,23,16:1,16:1,LWTears-E,1,LWTears-E,0,1,0,1,0,38,"",38
227819,UNIVERSITY OF TEXAS ELEMENTARY CHAR,21,21:1,21:1,Connect4Learning,1,Connect4Learning,0,1,0,1,0,28,13,41
227820,KIPP TEXAS PUBLIC SCHOOLS,23,21:1,20:1,Other,19,Other,13,5,1,18,14,3242,29,3271
227824,VALERE PUBLIC SCHOOLS,17,18:1,18:1,Other,3,"Other,Frog Street-S",0,3,0,3,0,*,*,127
227825,AUSTIN ACHIEVE PUBLIC SCHOOLS,11,17:1,17:1,Other,2,Other,0,2,0,2,0,195,23,218
227826,MONTESSORI FOR ALL,8,11:1,11:1,Other,1,Other,1,0,0,1,1,64,45,109
227901,AUSTIN ISD,17,16:1,16:1,Frog Street-E,68,"Frog Street-E,Frog Street-S,Creative Curriculum-S,Creative Curriculum-E",46,27,0,73,46,3306,685,3991
227904,PFLUGERVILLE ISD,23,21:1,15:1,Other,21,Other,0,21,0,21,0,912,"",912
227907,MANOR ISD,19,18:1,15:1,Savvas-E,1,Savvas-E,1,0,0,1,1,328,23,351
227910,DEL VALLE ISD,23,21:1,19:1,PreK On My Way-E,9,PreK On My Way-E,0,9,0,9,0,446,64,510
227912,LAGO VISTA ISD,14,13:1,13:1,CIRCLE-E,1,CIRCLE-E,0,1,0,1,0,18,5,23
227913,LAKE TRAVIS ISD,19,15:1,15:1,Creative Curriculum-E,3,Creative Curriculum-E,0,3,0,3,0,86,32,118
228901,GROVETON ISD,17,17:1,17:1,Frog Street-E,1,Frog Street-E,0,1,0,1,0,30,"",30
228903,TRINITY ISD,16,15:1,15:1,Savvas-E,1,Savvas-E,1,0,0,1,1,57,"",57
228904,CENTERVILLE ISD,12,12:1,12:1,Frog Street-E,1,Frog Street-E,0,1,0,1,0,*,*,10
228905,APPLE SPRINGS ISD,11,11:1,11:1,CIRCLE-E,1,CIRCLE-E,0,1,0,1,0,11,"",11
229901,COLMESNEIL ISD,16,16:1,11:1,CIRCLE-E,1,CIRCLE-E,1,0,0,1,1,*,*,16
229903,WOODVILLE ISD,18,18:1,12:1,CIRCLE-E,1,CIRCLE-E,1,0,0,1,1,36,10,46
229904,WARREN ISD,21,21:1,21:1,CIRCLE-E,2,CIRCLE-E,0,2,0,2,0,*,*,57
229905,SPURGER ISD,21,21:1,14:1,Quaver,1,Quaver,0,1,0,1,0,*,*,21
229906,CHESTER ISD,3,3:1,3:1,CIRCLE-E,1,CIRCLE-E,1,0,0,1,1,*,*,*
230901,BIG SANDY ISD,21,20:1,16:1,Frog Street-E,1,Frog Street-E,1,0,0,1,1,*,*,36
230902,GILMER ISD,22,17:1,13:1,Frog Street-E,1,Frog Street-E,0,1,0,1,0,149,12,161
230903,ORE CITY ISD,15,11:1,10:1,Savvas-E,1,Savvas-E,0,1,0,1,0,*,*,39
230904,UNION HILL ISD,9,9:1,9:1,CIRCLE-E,1,CIRCLE-E,0,1,0,1,0,8,"",8
230905,HARMONY ISD,16,31:1,31:1,LWTears-E,1,LWTears-E,0,0,1,0,1,24,6,30
230906,NEW DIANA ISD,22,22:1,14:1,Frog Street-E,1,Frog Street-E,0,1,0,1,0,20,20,40
230908,UNION GROVE ISD,15,15:1,15:1,Frog Street-E,1,Frog Street-E,0,1,0,1,0,*,*,15
231901,MCCAMEY ISD,22,16:1,16:1,Frog Street-E,1,Frog Street-E,0,1,0,1,0,21,6,27
231902,RANKIN ISD,13,13:1,13:1,CIRCLE-E,1,CIRCLE-E,0,1,0,1,0,10,12,22
232901,KNIPPA ISD,18,18:1,18:1,Other,1,Other,1,0,0,1,1,*,*,30
232902,SABINAL ISD,26,26:1,26:1,CIRCLE-E,1,CIRCLE-E,0,1,0,1,0,15,"",15
232903,UVALDE CISD,17,15:1,15:1,CIRCLE-E,3,"CIRCLE-E,Other",0,3,0,3,0,215,43,258
232904,UTOPIA ISD,11,11:1,11:1,Other,1,Other,0,1,0,1,0,5,5,10
233901,SAN FELIPE-DEL RIO CISD,21,22:1,15:1,Other,2,Other,0,2,0,2,0,*,*,420
234902,CANTON ISD,20,20:1,13:1,Other,1,Other,0,1,0,1,0,58,"",58
234903,EDGEWOOD ISD,15,11:1,7:1,CIRCLE-E,1,CIRCLE-E,1,0,0,1,1,23,6,29
234904,GRAND SALINE ISD,19,19:1,11:1,Frog Street-E,1,Frog Street-E,1,0,0,1,1,59,9,68
234905,MARTINS MILL ISD,15,15:1,15:1,CIRCLE-E,1,CIRCLE-E,0,1,0,1,0,20,5,25
234906,VAN ISD,22,22:1,14:1,Savvas-E,1,Savvas-E,0,1,0,1,0,*,*,50
234907,WILLS POINT ISD,20,18:1,18:1,Frog Street-E,1,"Frog Street-E,Frog Street-S",0,1,0,1,0,107,15,122
234909,FRUITVALE ISD,22,22:1,14:1,Frog Street-E,1,Frog Street-E,0,1,0,1,0,26,9,35
235901,BLOOMINGTON ISD,16,14:1,13:1,Frog Street-E,2,"Frog Street-E,Creative Curriculum-E",0,2,0,2,0,46,7,53
235902,VICTORIA ISD,21,15:1,15:1,Frog Street-E,16,"Frog Street-E,CIRCLE-E",0,16,0,16,0,658,72,730
235904,NURSERY ISD,11,11:1,7:1,LWTears-E,1,LWTears-E,0,1,0,1,0,*,*,12
236901,NEW WAVERLY ISD,12,12:1,10:1,CIRCLE-E,1,CIRCLE-E,0,1,0,1,0,17,5,22
236902,HUNTSVILLE ISD,26,19:1,13:1,PreK On My Way-E,1,PreK On My Way-E,1,0,0,1,1,249,38,287
237902,HEMPSTEAD ISD,13,11:1,11:1,Frog Street-E,1,"Frog Street-E,Frog Street-S",0,1,0,1,0,*,*,155
237904,WALLER ISD,24,18:1,18:1,CIRCLE-E,5,"CIRCLE-E,CIRCLE-S",0,5,0,5,0,311,"",311
237905,ROYAL ISD,22,19:1,19:1,Creative Curriculum-E,1,Creative Curriculum-E,0,1,0,1,0,118,20,138
238902,MONAHANS-WICKETT-PYOTE ISD,16,31:1,31:1,Frog Street-E,1,"Frog Street-E,Frog Street-S",0,1,0,1,0,44,16,60
238904,GRANDFALLS-ROYALTY ISD,8,8:1,8:1,Other,1,Other,0,1,0,1,0,*,*,6
239901,BRENHAM ISD,20,20:1,20:1,Frog Street-E,1,Frog Street-E,1,0,0,1,1,*,*,196
239903,BURTON ISD,12,11:1,11:1,Frog Street-E,1,"Frog Street-E,Other",1,0,0,1,1,21,21,42
240901,LAREDO ISD,19,17:1,17:1,PreK On My Way-E,20,PreK On My Way-E,0,20,0,20,0,*,*,1232
240903,UNITED ISD,21,19:1,19:1,Other,25,Other,5,14,6,19,11,1079,5,1084
240904,WEBB CISD,3,7:1,7:1,CIRCLE-E,1,CIRCLE-E,0,1,0,1,0,16,5,21
241901,BOLING ISD,17,17:1,11:1,Savvas-E,1,Savvas-E,0,1,0,1,0,29,20,49
241902,EAST BERNARD ISD,24,24:1,16:1,CIRCLE-E,1,CIRCLE-E,0,1,0,1,0,24,"",24
241903,EL CAMPO ISD,17,15:1,11:1,CIRCLE-E,1,"CIRCLE-E,CIRCLE-S",0,1,0,1,0,*,*,143
241904,WHARTON ISD,25,19:1,14:1,Frog Street-E,1,Frog Street-E,0,1,0,1,0,*,*,168
241906,LOUISE ISD,19,18:1,12:1,PreK On My Way-E,1,PreK On My Way-E,0,1,0,1,0,25,6,31
242902,SHAMROCK ISD,13,13:1,13:1,Other,1,Other,0,1,0,1,0,22,12,34
242903,WHEELER ISD,8,8:1,8:1,CIRCLE-E,1,CIRCLE-E,1,0,0,1,1,7,8,15
242905,KELTON ISD,14,14:1,14:1,Other,1,Other,0,1,0,1,0,6,5,11
242906,FORT ELLIOTT CISD,15,15:1,15:1,Frog Street-E,1,Frog Street-E,0,1,0,1,0,5,8,13
243901,BURKBURNETT ISD,13,16:1,16:1,Frog Street-E,2,Frog Street-E,0,2,0,2,0,*,*,210
243902,ELECTRA ISD,16,15:1,15:1,Frog Street-E,1,Frog Street-E,1,0,0,1,1,33,8,41
243903,IOWA PARK CISD,22,22:1,22:1,Frog Street-E,1,Frog Street-E,0,1,0,1,0,49,7,56
243905,WICHITA FALLS ISD,18,16:1,16:1,Frog Street-E,15,Frog Street-E,0,15,0,15,0,892,22,914
243906,CITY VIEW ISD,21,21:1,21:1,Frog Street-E,1,Frog Street-E,0,1,0,1,0,*,*,39
244903,VERNON ISD,20,21:1,14:1,Frog Street-E,1,Frog Street-E,1,0,0,1,1,*,*,64
245901,LASARA ISD,15,15:1,15:1,Frog Street-E,1,Frog Street-E,0,1,0,1,0,26,"",26
245902,LYFORD CISD,20,21:1,14:1,CIRCLE-E,1,CIRCLE-E,1,0,0,1,1,88,15,103
245903,RAYMONDVILLE ISD,14,18:1,13:1,CIRCLE-E,2,CIRCLE-E,0,2,0,2,0,133,7,140
245904,SAN PERLITA ISD,18,18:1,18:1,Savvas-E,1,Savvas-E,0,1,0,1,0,*,*,16
246802,GOODWATER MONTESSORI SCHOOL,8,17:1,17:1,CIRCLE-E,1,CIRCLE-E,0,1,0,1,0,52,17,69
246902,FLORENCE ISD,19,36:1,36:1,Frog Street-E,1,"Frog Street-E,Frog Street-S",0,1,0,1,0,34,"",34
246904,GEORGETOWN ISD,19,16:1,13:1,Savvas-E,8,"Savvas-E,Savvas-S",0,8,0,8,0,*,*,321
246905,GRANGER ISD,22,22:1,22:1,Other,1,Other,1,0,0,1,1,15,7,22
246906,HUTTO ISD,21,16:1,14:1,Frog Street-E,7,Frog Street-E,1,6,0,7,1,199,59,258
246907,JARRELL ISD,22,19:1,15:1,Frog Street-E,2,"Frog Street-E,Frog Street-S",0,2,0,2,0,143,6,149
246908,LIBERTY HILL ISD,19,13:1,12:1,CIRCLE-E,5,CIRCLE-E,0,5,0,5,0,102,21,123
246909,ROUND ROCK ISD,21,18:1,13:1,Frog Street-E,23,"Frog Street-E,Frog Street-S",0,23,0,23,0,931,"",931
246911,TAYLOR ISD,19,18:1,18:1,Frog Street-E,1,"Frog Street-E,PreK On My Way-E,PreK On My Way-S",1,0,0,1,1,134,14,148
246912,THRALL ISD,19,18:1,18:1,Frog Street-E,1,Frog Street-E,0,1,0,1,0,21,12,33
246913,LEANDER ISD,23,18:1,17:1,Frog Street-E,15,"Frog Street-E,Frog Street-S",15,0,0,15,15,972,26,998
246914,COUPLAND ISD,21,21:1,21:1,PreK On My Way-E,1,PreK On My Way-E,0,1,0,1,0,15,"",15
247901,FLORESVILLE ISD,16,15:1,15:1,Savvas-E,2,"Savvas-E,Savvas-S",0,2,0,2,0,121,34,155
247903,LA VERNIA ISD,18,19:1,19:1,Frog Street-E,1,Frog Street-E,0,1,0,1,0,*,*,55
247904,POTH ISD,,,,,,,0,1,0,1,0,21,"",21
247906,STOCKDALE ISD,18,12:1,12:1,PreK On My Way-E,1,PreK On My Way-E,0,1,0,1,0,24,8,32
248901,KERMIT ISD,19,18:1,18:1,Frog Street-E,1,Frog Street-E,0,1,0,1,0,52,10,62
248902,WINK-LOVING ISD,8,8:1,8:1,Other,1,Other,0,1,0,1,0,*,*,16
249901,ALVORD ISD,13,13:1,13:1,Frog Street-E,1,Frog Street-E,0,1,0,1,0,14,10,24
249902,BOYD ISD,17,17:1,17:1,Creative Curriculum-E,1,Creative Curriculum-E,1,0,0,1,1,27,6,33
249903,BRIDGEPORT ISD,22,19:1,12:1,Other,1,Other,0,1,0,1,0,69,20,89
249904,CHICO ISD,14,14:1,14:1,CIRCLE-E,1,CIRCLE-E,1,0,0,1,1,17,9,26
249905,DECATUR ISD,19,16:1,9:1,Frog Street-E,3,"Frog Street-E,Frog Street-S",0,3,0,3,0,67,13,80
249906,PARADISE ISD,14,14:1,9:1,Savvas-E,1,Savvas-E,0,1,0,1,0,15,12,27
249908,SLIDELL ISD,16,16:1,16:1,Other,1,Other,0,1,0,1,0,9,6,15
250902,HAWKINS ISD,19,19:1,15:1,CIRCLE-E,1,CIRCLE-E,0,1,0,1,0,29,5,34
250903,MINEOLA ISD,21,16:1,16:1,Ready to Advance-E,1,Ready to Advance-E,0,1,0,1,0,73,6,79
250904,QUITMAN ISD,15,16:1,16:1,Frog Street-E,1,Frog Street-E,0,1,0,1,0,28,10,38
250905,YANTIS ISD,26,26:1,17:1,Frog Street-E,1,Frog Street-E,0,1,0,1,0,23,"",23
250906,ALBA-GOLDEN ISD,15,15:1,15:1,Frog Street-E,1,Frog Street-E,0,1,0,1,0,36,8,44
250907,WINNSBORO ISD,21,22:1,22:1,CIRCLE-E,1,CIRCLE-E,0,1,0,1,0,53,8,61
251901,DENVER CITY ISD,19,19:1,19:1,Savvas-E,1,Savvas-E,0,1,0,1,0,55,"",55
251902,PLAINS ISD,11,11:1,8:1,Frog Street-E,1,Frog Street-E,0,1,0,1,0,*,*,21
252901,GRAHAM ISD,21,21:1,15:1,Savvas-E,1,"Savvas-E,Savvas-S",0,1,0,1,0,87,9,96
252902,NEWCASTLE ISD,13,13:1,13:1,Other,1,Other,1,0,0,1,1,7,5,12
252903,OLNEY ISD,13,14:1,14:1,Frog Street-E,1,Frog Street-E,1,0,0,1,1,45,15,60
253901,ZAPATA COUNTY ISD,15,13:1,13:1,Other,3,Other,0,3,0,3,0,126,11,137
254901,CRYSTAL CITY ISD,21,24:1,15:1,CIRCLE-E,1,"CIRCLE-E,Other",0,1,0,1,0,*,*,131
254902,LA PRYOR ISD,13,13:1,13:1,Frog Street-E,1,Frog Street-E,0,1,0,1,0,25,"",25
